,一、营业总收入_利润,营业收入_利润,税金及附加_利润,销售费用_利润,管理费用_利润,研发费用_利润,财务费用_利润,其中：利息费用_利润,其中：利息收入_利润,投资收益_利润,其中：对联营企业和合营企业的投资收益_利润,公允价值变动收益_利润,资产处置收益_利润,资产减值损失_利润,信用减值损失_利润,营业利润_利润,利润总额_利润,净利润_利润,持续经营净利润_利润,归属于母公司所有者的净利润_利润,少数股东损益_利润,基本每股收益_利润,稀释每股收益_利润,所得税费用_利润,index_deduct_holder_net_profit_利润,minority_common_profit_total_利润,minority_comprehensive_income_利润,营业外支出_利润,营业外收入_利润,营业成本_利润,其他综合收益_利润,其他收益_利润,parent_other_comprehensive_income_利润,货币资金_资产,交易性金融资产_资产,应收账款_资产,应收票据及应收账款_资产,预付款项_资产,其他应收款_资产,存货_资产,其他流动资产_资产,流动资产合计_资产,无形资产_资产,长期股权投资_资产,商誉_资产,递延所得税资产_资产,其他非流动资产_资产,非流动资产合计_资产,短期借款_资产,应付账款_资产,预收款项_资产,合同负债_资产,应付职工薪酬_资产,应交税费_资产,其他应付款_资产,一年内到期的非流动负债_资产,其他流动负债_资产,流动负债合计_资产,长期借款_资产,应付债券_资产,递延所得税负债_资产,非流动负债合计_资产,资本公积_资产,盈余公积_资产,未分配利润_资产,归属于母公司所有者权益合计_资产,少数股东权益_资产,所有者权益（或股东权益）合计_资产,资产合计_资产,负债合计_资产,其中：应收票据_资产,其他应收款合计_资产,其中：应收利息_资产,一年内到期的非流动资产_资产,总现金_资产,可供出售金融资产_资产,其他权益工具投资_资产,固定资产合计_资产,其中：固定资产_资产,固定资产清理_资产,在建工程合计_资产,其中：在建工程_资产,长期待摊费用_资产,应付票据及应付账款_资产,其中：应付票据_资产,其他应付款合计_资产,其中：应付利息_资产,长期应付款合计_资产,其中：长期应付款_资产,专项应付款_资产,预计负债_资产,递延收益-非流动负债_资产,实收资本（或股本）_资产,减：库存股_资产,其他综合收益_资产,负债和所有者权益（或股东权益）合计_资产,销售商品、提供劳务收到的现金_现金流,收到的税费与返还_现金流,收到其他与经营活动有关的现金_现金流,经营活动现金流入小计_现金流,购买商品、接受劳务支付的现金_现金流,支付给职工以及为职工支付的现金_现金流,支付的各项税费_现金流,支付其他与经营活动有关的现金_现金流,经营活动现金流出小计_现金流,经营活动产生的现金流量净额_现金流,收回投资收到的现金_现金流,取得投资收益收到的现金_现金流,处置固定资产、无形资产和其他长期资产收回的现金净额_现金流,收到其他与投资活动有关的现金_现金流,投资活动现金流入小计_现金流,购建固定资产、无形资产和其他长期资产支付的现金_现金流,投资支付的现金_现金流,投资活动现金流出小计_现金流,投资活动产生的现金流量净额_现金流,吸收投资收到的现金_现金流,取得借款收到的现金_现金流,筹资活动现金流入小计_现金流,偿还债务支付的现金_现金流,分配股利、利润或偿付利息支付的现金_现金流,筹资活动现金流出小计_现金流,筹资活动产生的现金流量净额_现金流,现金及现金等价物净增加额_现金流,加：期初现金及现金等价物余额_现金流,期末现金及现金等价物余额_现金流,处置子公司及其他营业单位收到的现金净额_现金流,取得子公司及其他营业单位支付的现金净额_现金流,支付其他与投资活动有关的现金_现金流,其中：子公司吸收少数股东投资收到的现金_现金流,收到其他与筹资活动有关的现金_现金流,其中：子公司支付给少数股东的股利、利润_现金流,支付其他与筹资活动有关的现金_现金流,四、汇率变动对现金及现金等价物的影响_现金流,五、现金及现金等价物净增加额_现金流,六、期末现金及现金等价物余额_现金流,净利润_现金流,加：资产减值准备_现金流,固定资产折旧、油气资产折耗、生产性生物资产折旧_现金流,无形资产摊销_现金流,长期待摊费用摊销_现金流,处置固定资产、无形资产和其他长期资产的损失_现金流,固定资产报废损失_现金流,公允价值变动损失_现金流,财务费用_现金流,投资损失_现金流,递延所得税资产减少_现金流,递延所得税负债增加_现金流,存货的减少_现金流,经营性应收项目的减少_现金流,经营性应付项目的增加_现金流,间接法-经营活动产生的现金流量净额_现金流,现金的期末余额_现金流,减：现金的期初余额_现金流,间接法-现金及现金等价物净增加额_现金流
2016年报,16192433345.64,16192433345.64,507065517.42,1040867383.23,857649823.83,0.0,31223587.42,0.0,0.0,17085648.52,6029906.81,0.0,45464379.65,42618202.32,0.0,714757681.61,778432447.79,635095097.9,635095097.9,513516901.47,121578196.43,0.63,0.63,143337349.89,432603030.43,122007960.76,429764.33,16276447.14,79951213.32,15540225692.2,-2325030.76,0.0,-2754795.09,3778000000.0,0.0,393000000.0,7448999999.999999,257000000.0,24413600.0,1091000000.0,113000000.0,12713000000.0,1262000000.0,171000000.0,274300.0,75366200.0,165000000.0,7123000000.0,1742000000.0,3223000000.0,2414000000.0,0.0,203000000.0,274000000.0,320000000.0,132000000.0,0.0,14169000000.0,590000000.0,0.0,27366700.0,1093000000.0,1085000000.0,185000000.0,1695000000.0,3850000000.0,723000000.0,4574000000.0,19836000000.0,15262000000.0,7056000000.0,24413600.0,0.0,0.0,3778000000.0,64671600.0,0.0,3087000000.0,3087000000.0,0.0,676000000.0,676000000.0,21054000.0,9082000000.0,5859000000.0,323000000.0,3085900.0,0.0,0.0,0.0,26380700.0,449000000.0,893000000.0,0.0,-7699500.0,19836000000.0,13143000000.0,41826400.0,185000000.0,13370000000.0,8725000000.0,849000000.0,1075000000.0,1575000000.0,12224000000.0,1146000000.0,0.0,7898000.0,50529600.0,0.0,64497800.0,643000000.0,82500000.0,725000000.0,-661000000.0,738000000.0,2256000000.0,3022000000.0,1818000000.0,88699700.0,1939000000.0,1083000000.0,1571000000.0,783000000.0,2354000000.0,6070200.0,0.0,0.0,0.0,27790000.0,0.0,32016000.0,3051100.0,1571000000.0,2354000000.0,635000000.0,42618200.0,480999999.9999999,124000000.0,5164400.000000001,-45464399.99999999,4282900.0,0.0,89218900.0,-17085600.0,-2747300.0,-2803400.0,-398000000.0,-3166000000.0,3396000000.0,1146000000.0,2354000000.0,783000000.0,1571000000.0
2016Q1,3192494361.94,3192494361.94,89758235.88,235452003.17,190455452.35,0.0,19150137.5,0.0,0.0,3113381.63,532274.39,0.0,0.0,3534641.43,0.0,143156395.93,174198611.67,134479316.05,0.0,118071516.13,16407799.92,0.16,0.0,39719295.62,86418500.0,16567086.78,159286.86,566284.9,31608500.64,3052451347.64,1828813.36,0.0,1669526.5,0.0,0.0,0.0,0.0,0.0,0.0,0.0,0.0,0.0,0.0,0.0,0.0,0.0,0.0,0.0,0.0,0.0,0.0,0.0,0.0,0.0,0.0,0.0,0.0,0.0,0.0,0.0,0.0,0.0,0.0,0.0,0.0,2715000000.0,0.0,3333000000.0,14019000000.0,10686000000.0,0.0,0.0,0.0,0.0,0.0,0.0,0.0,0.0,0.0,0.0,0.0,0.0,0.0,0.0,0.0,0.0,0.0,0.0,0.0,0.0,0.0,0.0,0.0,0.0,0.0,0.0,2479000000.0,8727300.0,23681800.0,2511000000.0,1512000000.0,261000000.0,291000000.0,262000000.0,2325000000.0,187000000.0,0.0,0.0,48979200.0,0.0,49042500.0,133000000.0,82500000.0,215000000.0,-166000000.0,0.0,320000000.0,341000000.0,300000000.0,28789300.0,329000000.0,11330700.0,32167200.0,783000000.0,816000000.0,63300.0,0.0,0.0,0.0,21000000.0,0.0,250000.0,427000.0,32167200.0,816000000.0,0.0,0.0,0.0,0.0,0.0,0.0,0.0,0.0,0.0,0.0,0.0,0.0,0.0,0.0,0.0,0.0,0.0,0.0,0.0
2016Q2,6335555683.44,6335555683.44,167986672.51,449972564.03,362921849.04,0.0,39083090.27,0.0,0.0,4811555.19,2230447.95,0.0,0.0,18170575.17,0.0,231473158.67,273662197.64,216515361.24,0.0,195599554.58,20915806.66,0.26,0.26,57146836.4,158280894.57,21255160.89,339354.23,2178699.18,44367738.15,6108894079.96,3177536.68,0.0,2838182.45,2981000000.0,0.0,419000000.0000001,5063000000.0,149000000.0,16127100.0,813000000.0000001,60840400.0,9083000000.0,1258000000.0,167000000.0,274300.0,70203900.0,127000000.0,6110000000.0,1614000000.0,2377000000.0,434999999.9999999,0.0,60927600.0,71474700.0,293000000.0,5000000.0,0.0,10023000000.0,511000000.0000001,0.0,28760600.0,1010000000.0,1085000000.0,76201900.0,1486000000.0,3538000000.0,623000000.0,4160000000.0,15194000000.0,11033000000.0,4645000000.0,16127100.0,0.0,0.0,2981000000.0,64671600.0,0.0,3175000000.0,3175000000.0,0.0,649000000.0,649000000.0,4906300.0,7543000000.000001,5167000000.0,294000000.0,1496200.0,0.0,0.0,0.0,13238800.0,457000000.0,893000000.0,0.0,-2106500.0,15194000000.0,5280000000.0,18085000.0,115000000.0,5412000000.0,2624000000.0,438000000.0,536000000.0000001,1201000000.0,4798000000.0,614000000.0,0.0,0.0,50357200.0,0.0,50420400.0,373000000.0,82500000.0,455000000.0,-405000000.0,761000000.0,960000000.0,1748000000.0,869999999.9999999,47744100.0,928999999.9999999,819000000.0,1030000000.0,783000000.0,1813000000.0,63300.0,0.0,0.0,0.0,26590000.0,0.0,10870000.0,1159600.0,1030000000.0,1813000000.0,217000000.0,18170600.0,230000000.0,54864799.99999999,1110200.0,-2327100.0,1300.0,0.0,55582400.0,-4811600.0,2414900.0,-1409500.0,-94636200.00000001,-94507300.0,232000000.0,614000000.0,1813000000.0,783000000.0,1030000000.0
2016Q3,10201440748.18,10201440748.18,283091859.47,701568465.96,548065997.74,0.0,49897945.7,0.0,0.0,13988970.02,3509862.78,0.0,0.0,23087196.68,0.0,339920950.83,402292388.91,318711606.36,0.0,290534351.4,28177254.96,0.36,0.0,83580782.55,242424224.87,28565877.53,388622.57,7485350.97,69856789.05,9875508767.37,3318711.7,0.0,2930089.13,3289000000.0,0.0,407000000.0,6107000000.0,441000000.0,9812600.0,864000000.0,33725700.0,10745000000.0,1230000000.0,168000000.0,274300.0,73941900.0,105000000.0,6448999999.999999,1605000000.0,3160000000.0,1333000000.0,0.0,72782600.0,110000000.0,310000000.0,75000000.0,0.0,11906000000.0,524000000.0,0.0,28060900.0,1025000000.0,1085000000.0,76201900.0,1581000000.0,3633000000.0,630000000.0,4263000000.0,17194000000.0,12931000000.0,5700000000.0,9812600.0,0.0,0.0,3289000000.0,64671600.0,0.0,3124000000.0,3124000000.0,0.0,686000000.0,686000000.0,11412100.0,8398000000.0,5238000000.0,312000000.0,2428500.0,0.0,0.0,0.0,16203500.0,455999999.9999999,893000000.0,0.0,-2014600.0,17194000000.0,8348999999.999999,30151400.0,341000000.0,8720000000.0,4488000000.0,609000000.0,776000000.0,1986000000.0,7859000000.0,861000000.0,0.0,7898000.0,50926400.0,0.0,62398100.00000001,525000000.0,82500000.0,611000000.0,-548000000.0,761000000.0,1691000000.0,2483000000.0,1529000000.0,64359300.0,1623000000.0,861000000.0,1175000000.0,783000000.0,1959000000.0,3573800.0,3342400.0,0.0,0.0,30750000.0,0.0,29470000.0,1661600.0,1175000000.0,1959000000.0,0.0,0.0,0.0,0.0,0.0,0.0,0.0,0.0,0.0,0.0,0.0,0.0,0.0,0.0,0.0,0.0,0.0,0.0,0.0
2017年报,21933763911.67,21933763911.67,699669865.17,1282388655.04,913846191.09,467812314.43,30211619.41,137861810.57,117984910.51,14875439.06,7251751.19,0.0,15755255.67,202324244.1,0.0,1385713724.48,1418923501.72,1101349405.12,1101349405.12,724768806.15,376580598.97,0.81,0.81,317574096.6,639271755.03,376520394.64,-60204.33,12297793.74,45507570.98,20664748769.28,-16808873.66,86067887.36,-16748669.33,5861000000.0,0.0,957000000.0,6542000000.0,308000000.0,28386600.0,1338000000.0,241000000.0,14318000000.0,1159000000.0,178000000.0,221000000.0,61002000.0,255000000.0,9396000000.0,1494000000.0,4734000000.0,2194000000.0,0.0,336000000.0,277000000.0,650000000.0,437000000.0,0.0,14363000000.0,1958000000.0,1070000000.0,25021800.0,3527000000.0,1261000000.0,190000000.0,2147000000.0,4724000000.0,1100000000.0,5824000000.0,23714000000.0,17890000000.0,5585000000.0,28386600.0,0.0,0.0,5861000000.0,64671600.0,0.0,3659000000.0,3659000000.0,0.0,1533000000.0,1533000000.0,43496000.0,8971000000.0,4237000000.0,654000000.0,4228500.0,105000000.0,105000000.0,0.0,21777800.0,347000000.0,909000000.0,172000000.0,-24448200.0,23714000000.0,19386000000.0,60144399.99999999,398000000.0,19844000000.0,14437000000.0,1190000000.0,1624000000.0,1596000000.0,18847000000.0,997000000.0000001,0.0,7898000.0,78948400.0,4286300.0,91132700.0,1594000000.0,0.0,1725000000.0,-1633000000.0,172000000.0,4834000000.0,5006000000.0,1918000000.0,400000000.0,2347000000.0,2659000000.0,2012000000.0,2354000000.0,4366000000.0,0.0,130000000.0,0.0,0.0,0.0,0.0,27984000.0,-10154600.0,2012000000.0,4366000000.0,1101000000.0,202000000.0,468000000.0,137000000.0,19034600.0,-15755300.0,10063400.0,0.0,138000000.0,-14875400.0,-7041700.0,-2344900.0,-242000000.0,-931000000.0,134000000.0,997000000.0000001,4366000000.0,2354000000.0,2012000000.0
2017Q1,5874401470.84,5874401470.84,224985909.9,340868073.52,240275917.33,0.0,3436998.03,0.0,0.0,1692773.29,1692773.29,0.0,0.0,65645727.17,0.0,353779713.36,363017242.98,286636979.31,286636979.31,201687966.92,84949012.39,0.23,0.23,76380263.67,195665702.08,84894429.56,-54582.83,1852217.39,11089747.01,5522314530.77,801816.82,0.0,856399.65,4820000000.0,0.0,373000000.0,6634000000.0,235000000.0,30833300.0,1653000000.0,162000000.0,13535000000.0,1235000000.0,173000000.0,274300.0,88271600.0,176000000.0,7798000000.0,1876000000.0,5049000000.0,1678000000.0,0.0,76781000.0,247000000.0,338000000.0,76298100.0,0.0,15123000000.0,851000000.0,0.0,26682000.0,1349000000.0,1085000000.0,185000000.0,1897000000.0,4053000000.0,808000000.0,4861000000.0,21333000000.0,16472000000.0,6261000000.0,30833300.0,0.0,0.0,4820000000.0,64671600.0,0.0,3018000000.0,3018000000.0,0.0,806000000.0,806000000.0,36384500.0,10829000000.0,5780000000.0,339000000.0,846600.0,0.0,0.0,0.0,25699300.0,446000000.0,893000000.0,0.0,-6843099.999999999,21333000000.0,5677000000.0,8244000.0,265000000.0,5950000000.0,3003000000.0,399000000.0,534000000.0,1493000000.0,5428000000.0,521000000.0,0.0,0.0,56060800.0,0.0,56060800.0,103000000.0,0.0,103000000.0,-47113600.0,0.0,663000000.0,663000000.0,321000000.0,23786700.0,345000000.0,318000000.0,793000000.0,2354000000.0,3147000000.0,0.0,0.0,0.0,0.0,0.0,0.0,403500.0,86199.99999999999,793000000.0,3147000000.0,0.0,0.0,0.0,0.0,0.0,0.0,0.0,0.0,0.0,0.0,0.0,0.0,0.0,0.0,0.0,0.0,0.0,0.0,0.0
2017Q2,10070903036.92,10070903036.92,339945702.21,578915828.82,492208164.0,0.0,12584839.99,0.0,0.0,10649343.01,3025655.14,0.0,-67844.27,101111360.56,0.0,654063042.89,666325442.66,529031149.81,529031149.81,390444705.76,138586444.05,0.44,0.44,137294292.85,368358854.75,138478865.44,-107578.61,3211624.59,15474024.36,9449548703.44,1095138.31,22127210.67,1202716.92,5519000000.0,0.0,385000000.0,4984000000.0,396000000.0,113000000.0,1237000000.0,196000000.0,12446000000.0,1208000000.0,174000000.0,0.0,79332800.0,404000000.0,8027000000.0,1835000000.0,2801000000.0,999000000.0,0.0,73172900.0,141000000.0,444000000.0000001,212000000.0,0.0,13690000000.0,1462000000.0,0.0,26055200.0,1948000000.0,1085000000.0,185000000.0,1818000000.0,3974000000.0,861999999.9999999,4836000000.0,20473000000.0,15637000000.0,4599000000.0,113000000.0,0.0,0.0,5519000000.0,64671600.0,0.0,2923000000.0,2923000000.0,0.0,861999999.9999999,861999999.9999999,53607500.0,9984000000.0,7183000000.0,446000000.0,1375900.0,0.0,0.0,0.0,15749600.0,444000000.0000001,893000000.0,0.0,-6496799.999999999,20473000000.0,10768000000.0,26381900.0,638000000.0,11432000000.0,6531999999.999999,626000000.0,963000000.0000001,2946000000.0,11067000000.0,365000000.0,0.0,7898000.0,73186700.0,0.0,81084700.0,326000000.0,0.0,326000000.0,-245000000.0,0.0,1918000000.0,1918000000.0,859000000.0,319000000.0,1178000000.0,740000000.0,857000000.0,2354000000.0,3211000000.0,0.0,0.0,0.0,0.0,850000.0,0.0,0.0,-3497400.0,857000000.0,3211000000.0,529000000.0,101000000.0,236000000.0,61220000.0,7662200.0,3214800.0,0.0,0.0,52767100.0,-10649300.0,-3966600.0,-1311500.0,-183000000.0,1324000000.0,-1751000000.0,365000000.0,3211000000.0,2354000000.0,857000000.0
2017Q3,14510085300.4,14510085300.4,478184808.78,851430571.48,494984243.03,265850775.92,29437120.63,217097767.47,191739543.62,11752601.12,4128913.25,0.0,8726986.3,175248812.72,0.0,841246615.32,859594644.53,682781834.53,682781834.53,490295210.24,192486624.29,0.55,0.0,176812810.0,454246730.96,192548603.95,61979.66,5124803.11,23472832.32,13721549956.36,739963.43,32231683.86,677983.77,6261000000.0,0.0,423000000.0000001,5430000000.0,459999999.9999999,242000000.0,1876000000.0,180000000.0,14449000000.0,1112000000.0,175000000.0,0.0,69905200.0,526000000.0,7937000000.0,1767000000.0,3913000000.0,1607000000.0,0.0,74111800.0,121000000.0,606000000.0,204000000.0,0.0,15220000000.0,1779000000.0,0.0,25532500.0,2173000000.0,1244000000.0,185000000.0,1916000000.0,4075000000.0,918000000.0,4993000000.0,22387000000.0,17394000000.0,5008000000.0,242000000.0,0.0,0.0,6261000000.0,64671600.0,0.0,2857000000.0,2857000000.0,0.0,933000000.0,933000000.0,53093900.0,10838000000.0,6923999999.999999,609000000.0,2465300.0,0.0,0.0,0.0,18110900.0,350000000.0,909000000.0,172000000.0,-7021500.0,22387000000.0,15166000000.0,34604000.0,985000000.0,16186000000.0,9288000000.0,865000000.0,1259000000.0,4518000000.0,15930000000.0,256000000.0,0.0,7898000.0,84731900.0,0.0,92629900.0,629000000.0,0.0,629000000.0,-536000000.0000001,172000000.0,2790000000.0,2966000000.0,1477000000.0,353000000.0,1831000000.0,1135000000.0,848000000.0,2354000000.0,3202000000.0,0.0,0.0,0.0,0.0,4286300.0,0.0,0.0,-7095900.0,848000000.0,3202000000.0,0.0,0.0,0.0,0.0,0.0,0.0,0.0,0.0,0.0,0.0,0.0,0.0,0.0,0.0,0.0,0.0,0.0,0.0,0.0
2018年报,20239783232.0,20239783232.0,683794917.44,1589305374.76,1235074935.71,483111987.41,120521530.8,230635677.2,147363426.21,67278990.9,7129108.02,0.0,7374176.51,-314941407.11,0.0,664951604.61,778466371.36,496919121.76,496919121.76,95403615.83,401515505.93,0.1,0.1,281547249.6,-152392020.61,401449749.98,-65755.95,26302865.49,139817632.24,19521606038.32,40112053.73,187062650.63,40177809.68,4685000000.0,0.0,1498000000.0,5745000000.0,327000000.0,123000000.0,1773000000.0,493000000.0,13157000000.0,2015000000.0,182000000.0,199000000.0,100000000.0,522000000.0,13719000000.0,2202000000.0,5054000000.0,923000000.0,0.0,340000000.0,323000000.0,1012000000.0,176000000.0,0.0,15301000000.0,2441000000.0,673000000.0,81477500.0,4317000000.0,2011000000.0,191000000.0,1998000000.0,5283000000.0,1975000000.0,7258000000.0,26877000000.0,19619000000.0,4248000000.0,135000000.0,0.0,0.0,4685000000.0,66171600.0,0.0,4930000000.0,4909000000.0,20596400.0,2863000000.0,2863000000.0,59861100.0,10322000000.0,5268000000.0,1016000000.0,3449500.0,521000000.0,14533200.0,507000000.0,29122900.0,571000000.0,944999999.9999999,121000000.0,15729700.0,26877000000.0,17443000000.0,250000000.0,1263000000.0,18956000000.0,12521000000.0,1411000000.0,1543000000.0,2363000000.0,17839000000.0,1117000000.0,0.0,9203300.0,11624200.0,0.0,65827500.0,2584000000.0,11500300.0,2893000000.0,-2828000000.0,500000000.0,3832000000.0,4332000000.0,3323000000.0,561000000.0,4018000000.0,314000000.0,-1417000000.0,4367000000.0,2949000000.0,45000000.0,298000000.0,0.0,500000000.0,0.0,111000000.0,133000000.0,-20871100.0,-1417000000.0,2949000000.0,497000000.0,315000000.0,530999999.9999999,200000000.0,25829700.0,-7374200.0,23063300.0,0.0,231000000.0,-67279000.0,-39450900.0,-14722800.0,-451999999.9999999,484000000.0,-609000000.0,1117000000.0,2949000000.0,4367000000.0,-1417000000.0
2018Q1,6256871951.09,6256871951.09,237792516.43,341642773.63,263169814.62,88013288.83,19835819.22,40493998.8,24613269.5,2152328.29,2152328.29,0.0,51278485.72,20868565.57,0.0,517144984.54,522993530.82,400471455.46,400471455.46,220642388.12,179829067.34,0.24,0.24,122522075.36,154620342.73,179598164.06,-230903.28,1285876.9,7134423.18,5811279938.53,-38196071.97,18122157.97,-37965168.69,6947000000.0,0.0,906000000.0,6419000000.0,249000000.0,187000000.0,1474000000.0,215000000.0,15491000000.0,1080000000.0,180000000.0,213000000.0,67294600.0,300000000.0,9790000000.0,1910000000.0,4539000000.0,2305000000.0,0.0,96506299.99999999,259000000.0,704000000.0,356000000.0,0.0,15577000000.0,1871000000.0,1089000000.0,24632200.0,3505000000.0,1274000000.0,190000000.0,2368000000.0,4920000000.0,1279000000.0,6199000000.0,25281000000.0,19082000000.0,5513000000.0,187000000.0,0.0,0.0,6947000000.0,64671600.0,0.0,3523000000.0,3523000000.0,0.0,1947000000.0,1947000000.0,42026200.0,9941000000.0,5402000000.0,708000000.0,3559800.0,100000000.0,100000000.0,0.0,24996200.0,396000000.0,909000000.0,172000000.0,-62413300.0,25281000000.0,5111000000.0,15382200.0,513999999.9999999,5641000000.0,2767000000.0,549000000.0,580000000.0,1089000000.0,4985000000.0,656000000.0,0.0,0.0,14494200.0,463999999.9999999,478000000.0,353000000.0,0.0,412000000.0,65949300.0,0.0,723000000.0,725000000.0,455000000.0,38663000.0,494000000.0000001,231000000.0,951000000.0,4366000000.0,5317000000.0,0.0,50000000.0,9494100.0,0.0,2060000.0,0.0,0.0,-1887600.0,951000000.0,5317000000.0,0.0,0.0,0.0,0.0,0.0,0.0,0.0,0.0,0.0,0.0,0.0,0.0,0.0,0.0,0.0,0.0,0.0,0.0,0.0
2018Q2,10453363507.34,10453363507.34,373018375.76,660570390.3,565377906.31,195762590.76,60698451.03,89530458.47,58944235.49,117045378.4,4183383.48,0.0,51476755.32,-133733959.3,-41970923.44,651064216.25,682693608.37,496432592.95,496432592.95,236774949.82,259657643.13,0.27,0.25,186261015.42,54377097.93,259401947.14,-255695.99,67442259.51,99071651.63,9836284131.01,6269635.62,41167588.94,6525331.61,7056999999.999999,0.0,975000000.0,4966000000.0,264000000.0,211000000.0,1471000000.0,370000000.0,14339000000.0,1339000000.0,191000000.0,243000000.0,67703600.0,384000000.0,11043000000.0,2239000000.0,3514000000.0,1653000000.0,0.0,81420800.0,163000000.0,736000000.0,245000000.0,0.0,15864000000.0,1853000000.0,1107000000.0,24247300.0,3412000000.0,1287000000.0,190000000.0,2166000000.0,4775000000.0,1331000000.0,6106000000.0,25382000000.0,19276000000.0,3991000000.0,211000000.0,0.0,0.0,7056999999.999999,66171600.0,0.0,3706000000.0,3706000000.0,0.0,2462000000.0,2462000000.0,42368800.0,10742000000.0,7229000000.000001,740000000.0,3792500.0,16438600.0,16438600.0,0.0,13137400.0,398000000.0,909000000.0,172000000.0,-17922800.0,25382000000.0,9701000000.0,47206000.0,1012000000.0,10761000000.0,4950000000.0,788000000.0,1055000000.0,3141000000.0,9933000000.0,827999999.9999999,0.0,9203300.0,47466600.0,508000000.0,610000000.0,952999999.9999999,11500000.0,1322000000.0,-712000000.0,0.0,1847000000.0,1847000000.0,1437000000.0,413000000.0,1850000000.0,-3490000.0,91311299.99999999,4366000000.0,4458000000.0,45000000.0,348000000.0,9494100.0,0.0,0.0,0.0,0.0,-20824400.0,91311299.99999999,4458000000.0,496000000.0,89700300.0,260000000.0,101000000.0,11974600.0,656900.0,5283300.0,0.0,89530500.0,-117000000.0,-6701700.0,-774400.0,-127000000.0,1390000000.0,-1366000000.0,827999999.9999999,4458000000.0,4366000000.0,91311299.99999999
2018Q3,14257622106.59,14257622106.59,506414908.24,1050979490.84,849142967.52,368288144.35,104429613.07,149181698.02,93516382.04,119111709.78,6249714.86,0.0,51246551.04,-149653956.68,-60938215.44,521263680.96,554264785.75,333455351.61,333455351.61,49490787.56,283964564.05,0.06,0.06,220809434.14,-140060497.73,283325435.84,-639128.21,71193320.37,104194425.16,13746430256.55,24049643.9,50305742.22,24688772.11,5986000000.0,0.0,1008000000.0,4309000000.0,306000000.0,250000000.0,1781000000.0,392000000.0,13024000000.0,1501000000.0,193000000.0,234000000.0,65204700.0,403000000.0,12029000000.0,2503000000.0,0.0,1674000000.0,0.0,93949200.0,109000000.0,0.0,258000000.0,0.0,15736000000.0,1768000000.0,732000000.0,23869500.0,2950000000.0,1809000000.0,190000000.0,1979000000.0,5014000000.0,1354000000.0,6368000000.0,25053000000.0,18685000000.0,3301000000.0,250000000.0,0.0,0.0,5986000000.0,66171600.0,0.0,3772000000.0,3772000000.0,0.0,3132000000.0,3132000000.0,44053000.0,10060000000.0,0.0,1037000000.0,8269700.0,15491500.0,15491500.0,0.0,14220900.0,397000000.0,940000000.0,172000000.0,240600.0,25053000000.0,13576000000.0,196000000.0,1838000000.0,15611000000.0,8639000000.0,1105000000.0,1346000000.0,3951000000.0,15041000000.0,570000000.0,0.0,9203300.0,48780700.0,702000000.0,805000000.0000001,1879000000.0,11500000.0,2248000000.0,-1443000000.0,0.0,3132000000.0,3132000000.0,2575000000.0,463999999.9999999,3043000000.0,88970000.0,-802000000.0,4366000000.0,3565000000.0,45000000.0,348000000.0,9494100.0,0.0,0.0,0.0,3504900.0,-17717500.0,-802000000.0,3565000000.0,0.0,0.0,0.0,0.0,0.0,0.0,0.0,0.0,0.0,0.0,0.0,0.0,0.0,0.0,0.0,0.0,0.0,0.0,0.0
2019年报,18132005177.94,18132005177.94,562569322.71,1361271045.0,1043884765.33,651400135.24,231034165.2,284672038.3,57392504.21,-90093198.03,-17485498.74,141056937.34,591125294.41,-180146076.01,-46292379.33,231148127.59,251873552.1,85396972.5,85396972.5,66721504.37,18675468.13,0.07,0.07,166476579.6,-884350875.7,21207444.01,2531975.88,15742452.15,36467876.66,18844588179.47,56429344.4,528080550.74,53897368.52,4603000000.0,265000000.0,1597000000.0,1597000000.0,551000000.0,132000000.0,2249000000.0,769000000.0,13769000000.0,3127000000.0,165000000.0,101000000.0,99433100.0,534999999.9999999,16166000000.0,2068000000.0,5999000000.0,1060000000.0,0.0,337000000.0,267000000.0,926000000.0,736000000.0,0.0,16808000000.0,2023000000.0,720000000.0,81676400.0,5273000000.0,2116000000.0,241000000.0,2000000000.0,5543000000.0,2311000000.0,7854000000.000001,29935000000.0,22081000000.0,0.0,144000000.0,0.0,0.0,4867000000.0,0.0,14100300.0,6475000000.0,6475000000.0,0.0,2797000000.0,2797000000.0,90674100.0,11414000000.0,5415000000.0,926000000.0,0.0,1785000000.0,959000000.0,826000000.0,28586800.0,635000000.0,940000000.0,67371200.0,69627000.0,29935000000.0,17077000000.0,226000000.0,1185000000.0,18489000000.0,12807000000.0,1564000000.0,1250000000.0,2536000000.0,18157000000.0,332000000.0,0.0,7898000.0,780000000.0,20075200.0,808000000.0,2702000000.0,1000000.0,2803000000.0,-1995000000.0,500000000.0,4497000000.0,6225000000.0,4499000000.0,417000000.0,5196000000.0,1029000000.0,-635000000.0,2949000000.0,2314000000.0,-423300.0,99992099.99999999,0.0,500000000.0,1228000000.0,0.0,281000000.0,-540500.0,-635000000.0,2314000000.0,85397000.0,180000000.0,698000000.0,266000000.0,38455100.0,-591000000.0,-282800.0,-141000000.0,285000000.0,90093200.0,2958100.0,198800.0,-484000000.0,-194000000.0,50121000.0,332000000.0,2314000000.0,2949000000.0,-635000000.0
2019Q1,4734575792.05,4734575792.05,168217549.67,293829353.49,280661300.79,148588940.46,37309463.97,61074834.32,14847598.11,-629784.74,1303782.26,6906263.74,706180.27,-5283569.68,-11040207.61,-8085786.45,-5978494.97,-54478664.22,-54478664.22,-81664662.9,27185998.68,-0.09,-0.09,48500169.25,-89997477.75,27182013.65,-3985.03,1415810.31,3523101.79,4742612827.86,-28860562.73,9292367.38,-28856577.7,3413000000.0,130000000.0,1537000000.0,5565000000.0,243000000.0,0.0,1691000000.0,572000000.0,11722000000.0,1883000000.0,184000000.0,198000000.0,94891800.0,438000000.0,14003000000.0,2082000000.0,0.0,463000000.0,0.0,102000000.0,133000000.0,0.0,134000000.0,0.0,14240000000.0,2402000000.0,685000000.0,79404900.0,4311000000.0,1915000000.0,197000000.0,2007000000.0,5172000000.0,2002000000.0,7175000000.0,25725000000.0,18550000000.0,4028000000.0,107000000.0,0.0,0.0,3544000000.0,0.0,3000000.0,4961000000.0,0.0,0.0,3145000000.0,0.0,67878600.0,10552000000.0,0.0,775000000.0,3328000.0,554000000.0,0.0,0.0,22819200.0,567000000.0,944999999.9999999,121000000.0,-13126900.0,25725000000.0,3533000000.0,31799000.0,792000000.0,4357000000.0,2686000000.0,603000000.0,553000000.0,819999999.9999999,4662000000.0,-305000000.0,0.0,0.0,4715600.0,0.0,4715600.0,654000000.0,0.0,654000000.0,-649000000.0,0.0,864000000.0,864000000.0,1041000000.0,56907600.0,1100000000.0,-236000000.0,-1190000000.0,2949000000.0,1759000000.0,0.0,0.0,0.0,0.0,0.0,0.0,1589100.0,29500.0,-1190000000.0,1759000000.0,0.0,0.0,0.0,0.0,0.0,0.0,0.0,0.0,0.0,0.0,0.0,0.0,0.0,0.0,0.0,0.0,0.0,0.0,0.0
2019Q2,7684193878.56,7684193878.56,252446310.37,595003618.99,494109814.28,278103605.06,95395930.97,124778643.51,30013076.68,-6689640.96,-1966946.23,1964143.75,-692839.19,-11004782.77,-20043107.46,-158004367.86,-145842050.37,-266871844.32,-266871844.32,-280723510.21,13851665.89,-0.3,-0.3,121029793.95,-391516339.77,13935919.12,84253.23,2593877.54,14756195.03,8050603276.15,19492703.61,244871256.36,19408450.38,3795000000.0,125000000.0,1226000000.0,3837000000.0,353000000.0,69098800.0,1699000000.0,648000000.0,10538000000.0,1900000000.0,180000000.0,199000000.0,93671400.0,293000000.0,14726000000.0,2110000000.0,3495000000.0,715000000.0,0.0,85094900.0,112000000.0,726000000.0,112000000.0,0.0,13832000000.0,2563000000.0,696000000.0,77384600.0,4496000000.0,1884000000.0,197000000.0,1729000000.0,4947000000.0,1989000000.0,6936000000.0,25264000000.0,18328000000.0,2611000000.0,80826400.0,0.0,0.0,3921000000.0,0.0,13100300.0,5054000000.0,5054000000.0,0.0,3501000000.0,3501000000.0,71252300.0,9967000000.0,6472000000.0,731000000.0,4725300.0,519000000.0000001,12556300.0,507000000.0,16449300.0,624000000.0,941000000.0,82160000.0,35138100.0,25264000000.0,8414000000.0,66365500.0,712000000.0,9193000000.0,5633000000.0,918000000.0,777000000.0,1725000000.0,9053000000.0,140000000.0,0.0,7898000.0,8762500.0,20075200.0,36735700.0,1344000000.0,0.0,1344000000.0,-1307000000.0,0.0,2366000000.0,2366000000.0,2398000000.0,192000000.0,2631000000.0,-265000000.0,-1431000000.0,2949000000.0,1518000000.0,0.0,0.0,0.0,0.0,0.0,0.0,40813700.0,1258600.0,-1431000000.0,1518000000.0,-267000000.0,31047900.0,324000000.0,120000000.0,17630600.0,692800.0,1150500.0,-1964100.0,149000000.0,-5931100.0,6781400.0,-4092900.0,80363600.0,750000000.0,-1062000000.0,140000000.0,1518000000.0,2949000000.0,-1431000000.0
2019Q3,11554527209.32,11554527209.32,376220459.33,918174493.52,714242982.14,417133981.39,170499790.17,205092114.89,43288723.05,-26843583.5,-8834836.71,2730356.18,-1354275.55,-12731742.14,-26745384.39,-306916932.22,-295311805.26,-440346049.5,-440346049.5,-421459817.39,-18886232.11,-0.45,-0.45,145034244.24,-601373839.94,-9655586.73,9230645.38,7882361.8,19487488.76,12183898850.65,79984750.56,387399338.51,70754105.18,4831000000.0,126000000.0,1395000000.0,3861000000.0,280000000.0,0.0,1622000000.0,718000000.0,11984000000.0,2002000000.0,244000000.0,130000000.0,94366700.0,470000000.0,15457000000.0,2171000000.0,4036000000.0,1066000000.0,0.0,92689700.0,151000000.0,0.0,5480000.0,0.0,13500000000.0,3051000000.0,708000000.0,75358000.0,6149000000.0,2214000000.0,197000000.0,1590000000.0,5189000000.0,2603000000.0,7792000000.0,27441000000.0,19649000000.0,2467000000.0,545000000.0,0.0,0.0,4958000000.0,0.0,13100300.0,5151000000.0,0.0,0.0,3709000000.0,0.0,74638000.0,9293000000.0,5257000000.0,722000000.0,5774200.0,1668000000.0,0.0,0.0,21166700.0,626000000.0,941000000.0,82160000.0,86483799.99999999,27441000000.0,12390000000.0,97582000.0,952999999.9999999,13440000000.0,9063000000.0,1216000000.0,991000000.0,2015000000.0,13285000000.0,155000000.0,0.0,7898000.0,9288000.0,20075200.0,37261200.0,2134000000.0,0.0,2134000000.0,-2097000000.0,500000000.0,4160000000.0,5809000000.0,3770000000.0,254000000.0,4066000000.0,1744000000.0,-197000000.0,2949000000.0,2753000000.0,0.0,0.0,0.0,0.0,1149000000.0,0.0,41690900.0,1150900.0,-197000000.0,2753000000.0,0.0,0.0,0.0,0.0,0.0,0.0,0.0,0.0,0.0,0.0,0.0,0.0,0.0,0.0,0.0,0.0,0.0,0.0,0.0
2020年报,14302475985.44,14302475985.44,354283864.56,728534353.97,892525316.63,836979079.2,272287447.11,276454457.92,48021688.07,-100773763.02,-62232079.56,-86878000.0,59421346.07,-135241300.18,-121710606.6,-2194526014.23,-2187176054.42,-2234419335.4,-2234419335.4,-1728591191.47,-505828143.93,-1.49,-1.49,47243280.98,-2308154730.47,-515904506.39,-10076362.46,21062195.73,28412155.54,16734427147.61,-183564731.99,622607471.67,-173488369.53,2932000000.0,178000000.0,672000000.0,672000000.0,338000000.0,27853800.0,1974000000.0,749000000.0,9701000000.0,4164000000.0,106000000.0,81761600.0,94259599.99999999,58558400.0,16566000000.0,2146000000.0,5325000000.0,350000000.0,641000000.0,325000000.0,194000000.0,643000000.0,940000000.0,70649800.0,16247000000.0,1520000000.0,538000000.0,62363400.0,4402000000.0,3358000000.0,257000000.0,208000000.0,5163000000.0,455999999.9999999,5619000000.0,26268000000.0,20649000000.0,0.0,42628100.00000001,2046600.0,0.0,3109000000.0,0.0,94203200.0,7693000000.000001,0.0,0.0,1870000000.0,1870000000.0,84126299.99999999,10937000000.0,5612000000.0,643000000.0,0.0,969999999.9999999,0.0,0.0,22032300.0,1289000000.0,1278000000.0,0.0,-104000000.0,26268000000.0,14804000000.0,363000000.0,1728000000.0,16896000000.0,11883000000.0,1324000000.0,674000000.0,1927000000.0,15808000000.0,1088000000.0,0.0,9082700.0,476999999.9999999,115000000.0,601000000.0,1846000000.0,74000000.0,1920000000.0,-1319000000.0,5003700.0,2926000000.0,2975000000.0,3127000000.0,325000000.0,4104000000.0,-1129000000.0,-1379000000.0,2314000000.0,935000000.0,0.0,0.0,0.0,5003700.0,44147800.0,0.0,652000000.0,-19778800.0,-1379000000.0,935000000.0,-2234000000.0,135000000.0,885000000.0,448000000.0000001,38370800.0,-59421300.0,4272000.0,86878000.0,307000000.0,101000000.0,5173500.0,-19313000.0,223000000.0,1648000000.0,-603000000.0,1088000000.0,935000000.0,2314000000.0,-1379000000.0
2020Q1,2385040155.84,2385040155.84,78384769.37,111787552.81,172130763.04,138568371.34,143620946.45,77482402.32,10314720.12,-14997390.11,-6400643.2,-55680900.0,11993279.92,-3729890.63,-3846051.77,-638475698.15,-642047760.84,-660731185.78,-660731185.78,-494219332.72,-166511853.06,-0.53,-0.53,18683424.94,-462366610.43,-164252173.48,2259679.58,6663224.01,3091161.32,2974278435.6,9612578.29,17023534.2,7352898.71,4072000000.0,209000000.0,1228000000.0,1228000000.0,550000000.0,0.0,2459000000.0,835000000.0,11620000000.0,3045000000.0,158000000.0,101000000.0,89740400.00000001,215000000.0,16054000000.0,2396000000.0,3264000000.0,22700.0,673000000.0,99144700.0,82808100.0,0.0,698000000.0,0.0,15379000000.0,2001000000.0,734000000.0,79704100.0,5093000000.0,2116000000.0,241000000.0,1506000000.0,5056000000.0,2146000000.0,7203000000.0,27675000000.0,20472000000.0,0.0,141000000.0,0.0,0.0,4281000000.0,0.0,51100300.0,6310000000.0,0.0,0.0,3237000000.0,0.0,84613900.0,10691000000.0,7427000000.0,739000000.0,0.0,1638000000.0,0.0,0.0,12722300.0,628000000.0,940000000.0,67371200.0,76979900.0,27675000000.0,3428000000.0,42924900.0,341000000.0,3812000000.0,2464000000.0,430000000.0,292000000.0,1105000000.0,4291000000.0,-479000000.0,0.0,0.0,19209300.0,0.0,19209300.0,403000000.0,37000000.0,603000000.0,-584000000.0,0.0,606000000.0,613000000.0,346000000.0,60482800.0,455999999.9999999,156000000.0,-909000000.0,2314000000.0,1405000000.0,0.0,0.0,163000000.0,0.0,6781300.0,0.0,49882500.0,-2087700.0,-909000000.0,1405000000.0,0.0,0.0,0.0,0.0,0.0,0.0,0.0,0.0,0.0,0.0,0.0,0.0,0.0,0.0,0.0,0.0,0.0,0.0,0.0
2020Q2,5679950965.88,5679950965.88,137560130.83,448317677.51,367245775.83,284505125.49,147660175.91,154366378.88,27798304.38,-35148983.26,-27951428.57,-78190200.0,84044613.92,-23878665.69,-21571480.46,-751955058.96,-664550539.93,-700278076.07,-700278076.07,-429499490.73,-270778585.34,-0.43,-0.43,35727536.14,-742141637.6,-268376312.99,2402272.35,15757517.39,103162036.42,6594160945.07,38515747.02,236999635.72,36113474.67,4479000000.0,186000000.0,1411000000.0,1411000000.0,455999999.9999999,40197000.0,2897000000.0,863000000.0000001,11325000000.0,3400000000.0,163000000.0,101000000.0,98694400.0,164000000.0,16189000000.0,2198000000.0,3735000000.0,22700.0,747000000.0,96189400.0,61405900.0,681000000.0,646000000.0,0.0,14739000000.0,2013000000.0,747000000.0,78786500.0,5583000000.0,3132000000.0,241000000.0,1571000000.0,6493000000.000001,698000000.0,7191000000.0,27513000000.0,20322000000.0,0.0,51924600.0,0.0,0.0,4665000000.0,0.0,88100300.0,6301000000.0,6301000000.0,0.0,2970000000.0,2970000000.0,80299700.0,10308000000.0,6573000000.0,681000000.0,0.0,2134000000.0,670000000.0,1463000000.0,13377200.0,597000000.0,1267000000.0,67371200.0,106000000.0,27513000000.0,7753000000.0,144000000.0,1629000000.0,9525000000.0,5639000000.0,702000000.0,426999999.9999999,2467000000.0,9236000000.0,289000000.0,0.0,9082700.0,465000000.0000001,89541200.00000001,563000000.0,1138000000.0,74000000.0,1212000000.0,-649000000.0,0.0,1641000000.0,1668000000.0,1619000000.0,119000000.0,2137000000.0,-469000000.0000001,-838000000.0000001,2314000000.0,1476000000.0,0.0,0.0,0.0,0.0,26503600.0,0.0,399000000.0,-9087900.0,-838000000.0000001,1476000000.0,-700000000.0,23878700.0,426000000.0,206000000.0,19795800.0,-84044599.99999999,2435900.0,78190200.0,154000000.0,35149000.0,738800.0,-2889900.0,-640000000.0,2867000000.0,-2118000000.0,289000000.0,1476000000.0,2314000000.0,-838000000.0000001
2020Q3,9225038279.19,9225038279.19,224430726.51,726957319.7,558726529.95,432404928.29,222745192.21,225215099.55,39404992.91,-68102015.52,-39201577.96,-67527900.0,86918844.27,-26433253.03,-24087191.51,-1092314945.24,-1003887433.15,-1048620166.16,-1048620166.16,-725459374.24,-323160791.92,-0.67,-0.67,44732733.01,-1235948464.53,-327023011.18,-3862219.26,19455145.0,107882657.09,10641006183.44,-84620296.29,422884474.8,-80758077.03,3123000000.0,197000000.0,1289000000.0,1289000000.0,495000000.0,0.0,2461000000.0,818000000.0,9543000000.0,3393000000.0,152000000.0,101000000.0,100000000.0,117000000.0,16123000000.0,2145000000.0,3490000000.0,22700.0,747000000.0,97114400.0,91144000.0,0.0,443000000.0,0.0,13259000000.0,2148000000.0,761000000.0,76720900.0,5736000000.0,3072000000.0,241000000.0,1227000000.0,6032000000.0,640000000.0,6670999999.999999,25666000000.0,18995000000.0,0.0,52988600.0,0.0,0.0,3320000000.0,0.0,88100300.0,6233000000.0,0.0,0.0,3008000000.0,0.0,87111900.0,8918000000.0,5427000000.0,818000000.0,0.0,2141000000.0,0.0,0.0,14535500.0,595000000.0,1261000000.0,0.0,-11131100.0,25666000000.0,11388000000.0,184000000.0,2017000000.0,13589000000.0,9610000000.0,976000000.0,530999999.9999999,2008000000.0,13126000000.0,463000000.0,0.0,9082700.0,469000000.0000001,89541200.00000001,568000000.0,1448000000.0,74000000.0,1522000000.0,-955000000.0000001,0.0,2590000000.0,2769000000.0,2673000000.0,224000000.0,3455000000.0,-686000000.0,-1193000000.0,2314000000.0,1121000000.0,0.0,0.0,122600.0,0.0,179000000.0,0.0,557000000.0,-16103000.0,-1193000000.0,1121000000.0,0.0,0.0,0.0,0.0,0.0,0.0,0.0,0.0,0.0,0.0,0.0,0.0,0.0,0.0,0.0,0.0,0.0,0.0,0.0
2021年报,16717920929.77,16717920929.77,351787302.2,1279955159.89,1088753488.91,947986961.92,244449975.43,260712007.29,52595840.69,-82477549.92,-11209592.8,-135254102.02,587197828.37,-246533733.59,-20074083.46,-2884737018.94,-2609860261.7,-2630823724.9,-2630823724.9,-1823911349.24,-806912375.66,-1.38,-1.38,20963463.2,-2793285631.58,-809755439.65,-2843063.99,25902452.98,300779210.22,20000537038.76,-27125195.0,295020730.67,-24282131.01,5832000000.0,320000000.0,997000000.0000001,997000000.0000001,660000000.0,1611000000.0,2773000000.0,893000000.0,14668000000.0,5153000000.0,39984500.0,75704900.0,152000000.0,288000000.0,17356000000.0,2109000000.0,6143000000.0,120000000.0,756000000.0,504000000.0,160000000.0,699000000.0,595000000.0,68939500.0,18924000000.0,1847000000.0,141000000.0,56481000.0,5371000000.0,8087000000.0,296000000.0,-1713000000.0,7959999999.999999,-230000000.0,7729000000.000001,32024000000.0,24295000000.0,0.0,1611000000.0,0.0,247000000.0,6153000000.0,0.0,94203200.0,7798999999.999999,7798999999.999999,0.0,1533000000.0,1533000000.0,82432500.0,13911000000.0,7768000000.000001,699000000.0,0.0,1778000000.0,1183000000.0,595000000.0,24950600.0,1185000000.0,1360000000.0,0.0,-128000000.0,32024000000.0,18094000000.0,558000000.0,656000000.0,19308000000.0,14195000000.0,1734000000.0,632000000.0,3735000000.0,20296000000.0,-986999999.9999999,67427900.0,8766800.0,1056000000.0,0.0,1132000000.0,2133000000.0,0.0,2695000000.0,-1563000000.0,3033000000.0,3380000000.0,7475000000.0,3522000000.0,251000000.0,4539000000.0,2936000000.0,384000000.0,935000000.0,1319000000.0,0.0,0.0,562000000.0,465000000.0000001,1063000000.0,0.0,767000000.0,-1805800.0,384000000.0,1319000000.0,-2631000000.0,247000000.0,1100000000.0,598000000.0,43505400.0,-587000000.0,19745600.0,135000000.0,259000000.0,82477500.0,-57280500.0,-5882300.0,-844999999.9999999,-459000000.0,1093000000.0,-986999999.9999999,1319000000.0,935000000.0,384000000.0
2021Q1,3288567399.47,3288567399.47,87196143.86,170310937.12,200298881.75,171977050.4,67974005.54,61847512.03,10382350.46,-34177774.25,-7761076.2,-10267400.0,-183493.97,-8619741.51,8066275.81,-592902868.64,-591123894.88,-603735192.87,-603735192.87,-532503064.67,-71232128.2,-0.42,-0.42,12611297.99,-574835179.87,-70804770.8,427357.4,1439238.22,3218211.98,3891902992.69,1036883.51,55614858.5,609526.11,2688000000.0,167000000.0,400000000.0,400000000.0,337000000.0,0.0,2200000000.0,763000000.0,8548999999.999999,4096000000.0,98622500.0,81761600.0,93898200.0,69826100.0,16599000000.0,1997000000.0,4195000000.0,584000000.0,723000000.0,109000000.0,75016300.0,0.0,944999999.9999999,74772800.0,15482000000.0,1770000000.0,382000000.0,60889000.0,4484000000.0,3565000000.0,257000000.0,-325000000.0,4797000000.0,385000000.0,5181000000.0,25147000000.0,19966000000.0,0.0,50779100.0,0.0,0.0,2855000000.0,0.0,94203200.0,7450000000.0,0.0,0.0,2026000000.0,0.0,79512500.0,10341000000.0,6145000000.0,632000000.0,0.0,880000000.0000001,0.0,0.0,17020300.0,1279000000.0,1291000000.0,0.0,-103000000.0,25147000000.0,4228000000.0,74985100.0,395000000.0,4698000000.0,3333000000.0,483000000.0,229000000.0,915000000.0,4959000000.0,-261000000.0,0.0,0.0,281000000.0,0.0,281000000.0,378000000.0,0.0,378000000.0,-96904900.0,0.0,830000000.0000001,934000000.0,724000000.0,48924399.99999999,891000000.0,42357100.0,-315000000.0,935000000.0,620000000.0,0.0,0.0,0.0,0.0,104000000.0,0.0,119000000.0,1001900.0,-315000000.0,620000000.0,0.0,0.0,0.0,0.0,0.0,0.0,0.0,0.0,0.0,0.0,0.0,0.0,0.0,0.0,0.0,0.0,0.0,0.0,0.0
2021Q2,7384493275.93,7384493275.93,173329715.95,420612771.54,398805477.84,368928564.31,129572677.71,124095221.81,18534293.12,-50668982.8,-11747684.65,-20139900.0,484669799.19,-18501792.28,6596203.0,-678504036.26,-676457597.93,-709901224.87,-709901224.87,-481190959.91,-228710264.96,-0.37,-0.37,33443626.94,-1125871643.27,-229496886.73,-786621.77,5355496.74,7401935.07,8653947178.32,-33600797.35,188994539.02,-32814175.58,5604000000.0,158000000.0,523000000.0000001,523000000.0000001,509999999.9999999,42714799.99999999,2387000000.0,770000000.0,11495000000.0,3956000000.0,94635800.0,81761600.0,91192300.0,109000000.0,16896000000.0,1799000000.0,4865000000.0,260000000.0,836000000.0,116000000.0,88972000.0,661000000.0,1041000000.0,74975400.0,16112000000.0,1588000000.0,252000000.0,59418100.00000001,4133000000.0,6581999999.999999,257000000.0,-326000000.0,7795999999.999999,350000000.0,8145999999.999999,28391000000.0,20244000000.0,0.0,55442500.0,0.0,0.0,5762000000.0,0.0,94203200.0,7416000000.0,7416000000.0,0.0,1722000000.0,1722000000.0,79674800.0,11234000000.0,6370000000.0,661000000.0,0.0,687000000.0,244000000.0,443000000.0,9712700.0,1178000000.0,1358000000.0,0.0,-140000000.0,28391000000.0,8203000000.0,227000000.0,574000000.0,9004000000.0,5944000000.0,809000000.0,389000000.0,2025000000.0,9168000000.0,-164000000.0,0.0,8766800.0,554000000.0,0.0,563000000.0,840000000.0,0.0,840000000.0,-276000000.0,3033000000.0,1376000000.0,4414000000.0,1653000000.0,95507000.0,2031000000.0,2382000000.0,1943000000.0,935000000.0,2878000000.0,0.0,0.0,0.0,465000000.0000001,4381000.0,0.0,282000000.0,887600.0,1943000000.0,2878000000.0,-710000000.0,18501800.0,544000000.0,292000000.0,19997000.0,-484999999.9999999,4419200.0,20139900.0,135000000.0,50669000.0,3067300.0,-2945300.0,-365000000.0,208000000.0,110000000.0,-164000000.0,2878000000.0,935000000.0,1943000000.0
2021Q3,11449625391.42,11449625391.42,240997018.51,757442695.61,662321456.76,675954269.26,185828860.13,187487520.92,31228416.97,-75838459.93,-8374806.08,-126552214.38,529931927.18,-111291268.9,5642691.6,-1809416702.59,-1542859518.62,-1569770456.16,-1569770456.16,-1083396725.96,-486373730.2,-0.83,-0.83,26910937.54,-1922454712.62,-485759534.12,614196.08,21701923.96,288259107.93,13705457345.06,-13800690.44,224522575.48,-14414886.52,5466000000.0,332000000.0,726000000.0,726000000.0,846000000.0000001,0.0,2603000000.0,833000000.0,12568000000.0,3727000000.0,98008700.00000001,81761600.0,128000000.0,223000000.0,16500000000.0,2133000000.0,4863000000.0,120000000.0,903999999.9999999,126000000.0,113000000.0,0.0,736000000.0,90121100.0,16762000000.0,2037000000.0,230000000.0,57930900.0,4966000000.0,6623000000.0,257000000.0,-933000000.0,7245999999.999999,93783300.0,7340000000.000001,29068000000.0,21728000000.0,0.0,59754100.0,0.0,244000000.0,5798000000.0,0.0,94203200.0,7238000000.0,0.0,0.0,1511000000.0,0.0,75133000.0,11867000000.0,7005000000.0,672000000.0,0.0,1072000000.0,0.0,0.0,17685100.0,1202000000.0,1360000000.0,0.0,-118000000.0,29068000000.0,12175000000.0,365000000.0,1156000000.0,13695000000.0,9834000000.0,1231000000.0,508000000.0,2912000000.0,14485000000.0,-790000000.0,0.0,8766800.0,708000000.0,0.0,717000000.0,1275000000.0,0.0,1275000000.0,-559000000.0,3033000000.0,3100000000.0,6175000000.0,2903000000.0,145000000.0,3839000000.0,2337000000.0,992000000.0,935000000.0,1926000000.0,0.0,0.0,0.0,465000000.0000001,42791400.0,0.0,790000000.0,3503900.0,992000000.0,1926000000.0,0.0,0.0,0.0,0.0,0.0,0.0,0.0,0.0,0.0,0.0,0.0,0.0,0.0,0.0,0.0,0.0,0.0,0.0,0.0
2022年报,34104996188.52,34104996188.52,926003488.28,4819624056.74,1775340393.67,1313661262.38,172150380.89,330170794.19,189493487.11,-37390482.84,1362033.94,-169612103.76,280977863.58,-305725891.93,-71553699.93,-4926926929.9,-4930410009.11,-5220557281.15,-5220557281.15,-3831866371.22,-1388690909.93,-2.68,-2.68,290147272.04,-4295907102.34,-1386978001.05,1712908.88,36171154.04,32688074.83,39250391209.52,48917617.34,521772405.98,47204708.46,16365000000.0,1752000000.0,1781000000.0,1781000000.0,442000000.0,1002000000.0,3993000000.0,453000000.0,26976000000.0,6909999999.999999,41346500.0,65012000.0,128000000.0,1276000000.0,20072000000.0,2079000000.0,9559000000.0,1323300.0,963000000.0000001,662000000.0,532000000.0,1286000000.0,1032000000.0,107000000.0,32331000000.0,1192000000.0,147000000.0,50509300.0,4914000000.0,15295000000.0,358000000.0,-5606000000.0,11420000000.0,-1617000000.0,9802000000.0,47048000000.0,37245000000.0,0.0,1002000000.0,0.0,8461700.0,18116000000.0,0.0,100000000.0,9140000000.0,9140000000.0,0.0,346000000.0,346000000.0,162000000.0,25670000000.0,16112000000.0,1286000000.0,0.0,1158000000.0,1158000000.0,0.0,51414200.0,1889000000.0,1497000000.0,99991100.0,-80938800.0,47048000000.0,36723000000.0,1603000000.0,2106000000.0,40432000000.0,22699000000.0,2269000000.0,1655000000.0,14978000000.0,41601000000.0,-1169000000.0,0.0,10696200.0,750000000.0,1361000000.0,2351000000.0,3367000000.0,2606000000.0,6505000000.0,-4154000000.0,7069000000.0,4284000000.0,13015000000.0,4586000000.0,274000000.0,6690000000.000001,6325000000.0,1008000000.0,1319000000.0,2327000000.0,229000000.0,0.0,532000000.0,35100.0,1662000000.0,0.0,1830000000.0,5694100.0,1008000000.0,2327000000.0,-5221000000.0,306000000.0,1333000000.0,933000000.0,44871000.0,-281000000.0,14026700.0,170000000.0,336000000.0,110300.0,23990200.0,-5971799.999999999,-1239000000.0,472000000.0,1874000000.0,-1169000000.0,2327000000.0,1319000000.0,1008000000.0
2022Q1,5131200882.21,5131200882.21,86497964.07,517628187.64,314179784.92,281156016.36,47919695.06,60366612.28,20510425.33,-49099212.85,210251.73,-128311885.79,6102161.32,-55014562.07,-10399732.74,-1095050597.27,-1093311147.99,-1123978496.17,-1123978496.17,-838898216.23,-285080279.94,-0.62,-0.62,30667348.18,-757179659.41,-285501886.27,-421606.33,354444.71,2093893.99,6035696210.66,-4327699.69,46167963.31,-3906093.36,6355000000.0,191000000.0,978999999.9999999,978999999.9999999,797000000.0,0.0,3409000000.0,936999999.9999999,15581000000.0,5999000000.0,40194700.0,75704900.0,147000000.0,358000000.0,17990000000.0,2326000000.0,6744000000.0,120000000.0,934000000.0,150000000.0,101000000.0,0.0,823000000.0,94696100.0,20693000000.0,1608000000.0,144000000.0,55031899.99999999,6253000000.0,8112000000.0,296000000.0,-2552000000.0,7141000000.0,-516000000.0,6626000000.000001,33571000000.0,26945000000.0,0.0,1618000000.0,0.0,224000000.0,6547000000.0,0.0,94203200.0,7897000000.0,0.0,0.0,1612000000.0,0.0,72881700.0,15414000000.0,8671000000.0,729000000.0,0.0,2960000000.0,0.0,0.0,25527500.0,1163000000.0,1360000000.0,0.0,-132000000.0,33571000000.0,6464000000.0,160000000.0,709000000.0,7333000000.0,4970000000.0,742000000.0,213000000.0,1563000000.0,7487000000.0,-154000000.0,0.0,0.0,60169799.99999999,0.0,242000000.0,1197000000.0,0.0,1331000000.0,-1088000000.0,0.0,809000000.0,2118000000.0,791000000.0,47459100.0,878999999.9999999,1238000000.0,-3300100.0,1319000000.0,1316000000.0,182000000.0,0.0,134000000.0,0.0,1309000000.0,0.0,41087200.0,751000.0,-3300100.0,1316000000.0,0.0,0.0,0.0,0.0,0.0,0.0,0.0,0.0,0.0,0.0,0.0,0.0,0.0,0.0,0.0,0.0,0.0,0.0,0.0
2022Q2,12415946559.96,12415946559.96,158192312.17,1459919793.84,693105909.29,579374404.45,76315558.18,135315773.02,55458108.59,-43559551.89,315344.49,-174845005.86,105511281.08,-84490407.88,-29452399.55,-2211572831.64,-2215921758.35,-2316357942.71,-2316357942.71,-1727327408.82,-589030533.89,-1.27,-1.27,100436184.36,-1714011466.12,-588425657.36,604876.53,13161685.78,8812759.07,14479857605.96,27994622.59,79174298.46,27389746.06,15626000000.0,146000000.0,1124000000.0,1124000000.0,608000000.0,686000000.0,3117000000.0,340000000.0,22959000000.0,5839000000.0,40299800.0,75704900.0,141000000.0,319000000.0,18155000000.0,2553000000.0,7303000000.0,0.0,735000000.0,160000000.0,215000000.0,873000000.0,910000000.0,73485400.0,23360000000.0,1810000000.0,146000000.0,53585300.0,5209000000.0,15054000000.0,296000000.0,-3440000000.0,13364000000.0,-819000000.0,12545000000.0,41114000000.0,28569000000.0,0.0,686000000.0,0.0,258000000.0,15772000000.0,0.0,94203200.0,8578000000.0,8578000000.0,0.0,1012000000.0,1012000000.0,63770200.00000001,17841000000.0,10538000000.0,873000000.0,0.0,1101000000.0,1101000000.0,0.0,35430600.0,1741000000.0,1497000000.0,0.0,-101000000.0,41114000000.0,13544000000.0,980000000.0000001,888000000.0000001,15413000000.0,9288000000.0,1223000000.0,368000000.0,4219000000.0,15098000000.0,315000000.0,0.0,9971200.0,109000000.0,1361000000.0,1662000000.0,1687000000.0,0.0,2154000000.0,-491000000.0,7059999999.999999,2086000000.0,10265000000.0,1579000000.0,99651400.0,2830000000.0,7434999999.999999,7264000000.0,1319000000.0,8583000000.0,182000000.0,0.0,466000000.0,0.0,1119000000.0,0.0,1151000000.0,5419299.999999999,7264000000.0,8583000000.0,-2316000000.0,29452400.0,610000000.0,411000000.0000001,20938800.0,-106000000.0,9773000.0,175000000.0,122000000.0,43559600.0,10447000.0,-2895700.0,-267000000.0,693000000.0,797000000.0,315000000.0,8583000000.0,1319000000.0,7264000000.0
2022Q3,23123288906.63,23123288906.63,583550260.29,3082736392.11,1087370743.23,906115928.34,39751014.52,195238814.98,115947932.92,-46614849.07,433832.06,-179906178.46,244532331.79,-152328855.49,-30114197.48,-3436991241.67,-3446426374.3,-3582106256.68,-3582106256.68,-2674784796.45,-907321460.23,-1.9,-1.9,135679882.38,-2864540966.82,-904446979.21,2874481.02,26033518.01,16598385.38,26557573218.67,38978617.56,161724819.08,36104136.54,16075000000.0,1641000000.0,963000000.0000001,963000000.0000001,615000000.0,0.0,3139000000.0,398000000.0,25211000000.0,6454000000.000001,40418300.0,75704900.0,144000000.0,270000000.0,18644000000.0,1622000000.0,10073000000.0,0.0,1165000000.0,190000000.0,649000000.0,0.0,1390000000.0,143000000.0,28070000000.0,1046000000.0,148000000.0,52176500.0,4468000000.0,15080000000.0,296000000.0,-4388000000.0,12451000000.0,-1135000000.0,11317000000.0,43855000000.0,32539000000.0,0.0,802999999.9999999,5720800.0,252000000.0,17716000000.0,0.0,94203200.0,9112000000.0,0.0,0.0,550000000.0,0.0,146000000.0,21775000000.0,11702000000.0,1137000000.0,0.0,1100000000.0,0.0,0.0,50348600.0,1719000000.0,1497000000.0,0.0,-92039300.0,43855000000.0,25048000000.0,1213000000.0,1700000000.0,27960000000.0,15127000000.0,1802000000.0,704000000.0,9130000000.0,26763000000.0,1197000000.0,0.0,9971200.0,420000000.0,1362000000.0,1973000000.0,2543000000.0,0.0,4043000000.0,-2070000000.0,7069000000.0,2766000000.0,10967000000.0,3486000000.0,167000000.0,4847000000.0,6120000000.0,5269000000.0,1319000000.0,6588000000.0,182000000.0,0.0,1500000000.0,0.0,1131000000.0,0.0,1194000000.0,21711200.0,5269000000.0,6588000000.0,0.0,0.0,0.0,0.0,0.0,0.0,0.0,0.0,0.0,0.0,0.0,0.0,0.0,0.0,0.0,0.0,0.0,0.0,0.0
2023年报,35841957866.81,35841957866.81,903747603.51,5276145088.72,1653330818.57,1696475826.71,-15810314.12,308745722.34,294607274.01,1789117933.18,1058701.3,22293471.81,133006644.87,-423613470.36,-82646010.01,-3993530247.31,-4080859430.8,-4156716456.96,-4156716456.96,-2449687107.34,-1707029349.62,-1.63,-1.63,75857026.16,-4816609379.47,-1705758043.62,1271306.0,135692784.94,48363601.45,41822143925.07,8022846.49,548497241.46,6751540.49,13161000000.0,1134000000.0,2446000000.0,2446000000.0,1868000000.0,2237000000.0,3529000000.0,1211000000.0,26117000000.0,9544000000.0,2042000000.0,46915200.00000001,480000000.0,788000000.0,25128000000.0,786000000.0,19966000000.0,22963600.0,3270000000.0,711000000.0,470000000.0,638000000.0,1145000000.0,383000000.0,37576000000.0,1375000000.0,0.0,371000000.0,6469000000.0,17874000000.0,374000000.0,-8068000000.000001,11406000000.0,-4206000000.0,7200000000.0,51245000000.00001,44045000000.0,0.0,2237000000.0,0.0,9379000.0,14295000000.0,0.0,99546299.99999999,8748000000.0,8748000000.0,0.0,195000000.0,195000000.0,153000000.0,30150000000.0,10184000000.0,638000000.0,0.0,1224000000.0,1224000000.0,0.0,52598000.0,1739000000.0,1510000000.0,205000000.0,-77937200.0,51245000000.00001,41356000000.0,914000000.0,7038000000.0,49308000000.0,31590000000.0,2496000000.0,1864000000.0,6959999999.999999,42910000000.0,6398000000.0,6247000000.0,80086000.0,322000000.0,222000000.0,7222000000.0,3465000000.0,5639000000.0,10194000000.0,-2973000000.0,159000000.0,3701000000.0,4186000000.0,4882000000.0,244000000.0,5455000000.0,-1269000000.0,2152000000.0,2327000000.0,4480000000.0,350000000.0,0.0,1091000000.0,0.0,326000000.0,0.0,330000000.0,-3455200.0,2152000000.0,4480000000.0,-4157000000.0,424000000.0,1486000000.0,1214000000.0,76509700.0,-133000000.0,90991400.0,-22293500.0,312000000.0,-1818000000.0,-249000000.0,208000000.0,463999999.9999999,-629000000.0,9049000000.0,6398000000.0,4480000000.0,2327000000.0,2152000000.0
2023Q1,5090601214.16,5090601214.16,106949144.66,767775548.45,380152376.29,345702888.74,9968440.39,75446035.74,65629852.34,16636409.37,-265893.8,12619089.25,-1767774.38,-87868290.42,12892847.1,-858418849.42,-855203403.77,-889927597.88,-889927597.88,-625066765.13,-264860832.75,-0.42,-0.42,34724194.11,-923744802.56,-265178598.64,-317765.89,1286804.41,4502250.06,6249112548.66,-10442350.82,347580204.16,-10124584.93,14422000000.0,1012000000.0,1275000000.0,1275000000.0,426000000.0,0.0,4527000000.0,501999999.9999999,24227000000.0,6956999999.999999,41080600.00000001,65012000.0,132000000.0,1273000000.0,20171000000.0,2866000000.0,7901000000.000001,1145500.0,635000000.0,257000000.0,183000000.0,0.0,1118000000.0,69247700.0,29449000000.0,2337000000.0,150000000.0,49075300.0,6037000000.0,15303000000.0,358000000.0,-6229000000.0,10795000000.0,-1882000000.0,8912000000.0,44398000000.0,35485000000.0,0.0,996000000.0000001,0.0,8533200.0,15434000000.0,0.0,100000000.0,8918000000.0,0.0,0.0,405999999.9999999,0.0,152000000.0,23186000000.0,15285000000.0,1133000000.0,0.0,1175000000.0,0.0,0.0,42416500.0,1853000000.0,1497000000.0,99991100.0,-91063400.0,44398000000.0,5348000000.0,275000000.0,2794000000.0,8417000000.0,7448999999.999999,788000000.0,606000000.0,1742000000.0,10585000000.0,-2168000000.0,2025000000.0,23662400.0,79969500.0,0.0,2128000000.0,762000000.0,1282000000.0,2307000000.0,-179000000.0,0.0,2255000000.0,2257000000.0,243000000.0,41317500.0,345000000.0,1912000000.0,-447000000.0,2327000000.0,1881000000.0,0.0,0.0,262000000.0,0.0,1869000.0,0.0,60437700.00000001,-12503500.0,-447000000.0,1881000000.0,0.0,0.0,0.0,0.0,0.0,0.0,0.0,0.0,0.0,0.0,0.0,0.0,0.0,0.0,0.0,0.0,0.0,0.0,0.0
2023Q2,11032343769.1,11032343769.1,235333097.75,1732107784.6,709310543.34,672228485.84,-100700209.51,157579397.4,175547228.75,257532294.01,-59252.34,8636041.92,-4135810.53,-151351383.6,-24675808.73,-2043190860.9,-2062725938.34,-2139495311.39,-2139495311.39,-1344250909.83,-795244401.56,-0.9,-0.9,76769373.05,-1884661940.75,-792959525.96,2284875.6,32173058.98,12637981.54,13580700875.64,3981224.78,419160912.57,1696349.18,9051000000.0,142000000.0,2148000000.0,2148000000.0,503000000.0,988000000.0000001,3118000000.0,583000000.0,17267000000.0,6802000000.0,41287200.0,65012000.0,141000000.0,741000000.0,19773000000.0,2521000000.0,6967000000.0,1200900.0,797000000.0,187000000.0,226000000.0,916000000.0,1500000000.0,91177000.0,23764000000.0,1931000000.0,0.0,47641400.0,5442000000.0,15505000000.0,358000000.0,-6947000000.0,10244000000.0,-2410000000.0,7834000000.0,37040000000.0,29205000000.0,0.0,989000000.0,1356100.0,9169100.0,9193000000.0,0.0,96508700.00000001,8717000000.0,8717000000.0,0.0,388000000.0,388000000.0,166000000.0,17524000000.0,10558000000.0,916000000.0,0.0,1191000000.0,1191000000.0,0.0,39947700.0,1813000000.0,1507000000.0,99991100.0,-79242400.0,37040000000.0,11703000000.0,509999999.9999999,8300000000.0,20513000000.0,17610000000.0,1309000000.0,925000000.0,3714000000.0,23558000000.0,-3045000000.0,3505000000.0,55933700.0,211000000.0,222000000.0,4195000000.0,1598000000.0,1397000000.0,3342000000.0,852999999.9999999,0.0,2656000000.0,2664000000.0,1018000000.0,90382800.0,1220000000.0,1444000000.0,-745000000.0,2327000000.0,1582000000.0,200000000.0,0.0,346000000.0,0.0,7665599.999999999,0.0,112000000.0,3256700.0,-745000000.0,1582000000.0,-2139000000.0,151000000.0,709000000.0,567000000.0,30444200.0,4135800.0,672400.0,-8636000.0,68056300.0,-276000000.0,-13047700.0,-2867900.0,899000000.0,29642200.0,-3090000000.0,-3045000000.0,1582000000.0,2327000000.0,-745000000.0
2023Q3,16680124797.7,16680124797.7,367976849.79,2599891957.15,1042749327.37,1091343985.75,-55056355.08,235622416.76,232888831.64,247228522.82,1534.9,25164151.43,130972043.56,-218476043.97,-35916055.98,-3379299391.59,-3365350862.12,-3450856058.19,-3450856058.19,-2294042251.87,-1156813806.32,-1.53,-1.53,85505196.07,-3014784576.83,-1154815182.64,1998623.68,36798286.07,50746815.54,20670283155.76,8679171.91,461886348.61,6680548.23,11020000000.0,599000000.0,2052000000.0,2052000000.0,513999999.9999999,0.0,2860000000.0,547000000.0,19330000000.0,7029000000.000001,41348000.0,65012000.0,142000000.0,405999999.9999999,19758000000.0,2347000000.0,7275000000.0,2795500.0,3049000000.0,176000000.0,205000000.0,0.0,946000000.0000001,383000000.0,26776000000.0,2372000000.0,0.0,46510600.00000001,5810000000.0,15498000000.0,358000000.0,-7897000000.0,9275000000.0,-2772000000.0,6502000000.0,39088000000.0,32586000000.0,0.0,842000000.0,914300.0000000001,9308000.0,11620000000.0,0.0,95546299.99999999,8503000000.0,0.0,0.0,534999999.9999999,0.0,162000000.0,18348000000.0,11073000000.0,1319000000.0,0.0,1208000000.0,0.0,0.0,39320300.0,1776000000.0,1507000000.0,117000000.0,-74258200.0,39088000000.0,21385000000.0,742000000.0,8081999999.999999,30209000000.0,23403000000.0,1812000000.0,1184000000.0,4671000000.0,31069000000.0,-860000000.0,4006000000.0,72258400.0,298000000.0,222000000.0,4949000000.0,2329000000.0,1989000000.0,5082000000.0,-133000000.0,500000000.0,3671000000.0,4489000000.0,2300000000.0,153000000.0,2651000000.0,1839000000.0,846000000.0000001,2327000000.0,3174000000.0,350000000.0,0.0,764000000.0,0.0,318000000.0,0.0,198000000.0,1214900.0,846000000.0000001,3174000000.0,0.0,0.0,0.0,0.0,0.0,0.0,0.0,0.0,0.0,0.0,0.0,0.0,0.0,0.0,0.0,0.0,0.0,0.0,0.0
2024年报,145175822053.79,145175822053.79,3888133246.91,19184251061.3,3546851872.41,5585504447.38,-294500188.59,240382213.79,527251135.63,10327477.5,-74023029.49,100507483.36,3506029.32,-2177293724.82,-118439003.56,4942184755.17,4951347599.25,4740116433.25,4740116433.25,5945945362.82,-1205828929.57,3.94,3.94,211231166.0,5573128351.51,-1205250465.1,578464.47,36803750.13,45966594.21,139119938109.63,14134996.6,1067692549.21,13556532.13,45955000000.0,4049000000.0,2362000000.0,2362000000.0,994000000.0,687000000.0,2552000000.0,9121000000.0,65998000000.0,9276000000.0,1979000000.0,0.0,1475000000.0,2428000000.0,28366000000.0,0.0,27307000000.0,34262200.0,2992000000.0,1555000000.0,1085000000.0,1030000000.0,759000000.0,357000000.0,76265000000.0,687000000.0,0.0,483000000.0,6194000000.0,13045000000.0,422000000.0,-2670000000.0,12264000000.0,-359000000.0,11906000000.0,94364000000.0,82458000000.0,0.0,687000000.0,0.0,10342500.0,50004000000.0,0.0,78260400.0,9256000000.0,9256000000.0,0.0,213000000.0,213000000.0,182000000.0,68451000000.0,41145000000.0,1030000000.0,0.0,0.0,0.0,0.0,1150000000.0,1656000000.0,1510000000.0,0.0,-64380700.0,94364000000.0,160107000000.0,567000000.0,1053000000.0,161727000000.0,72731000000.0,3975000000.0,7993000000.000001,54513000000.0,139211000000.0,22515000000.0,9730000000.0,75138500.0,155000000.0,1374000000.0,11335000000.0,7144000000.0,20078000000.0,27844000000.0,-16509000000.0,1523000000.0,72000000.0,1811000000.0,2346000000.0,610000000.0,5978000000.0,-4167000000.0,1854000000.0,4480000000.0,6334000000.0,0.0,0.0,622000000.0,1523000000.0,216000000.0,0.0,3022000000.0,14718100.0,1854000000.0,6334000000.0,4740000000.0,2177000000.0,1608000000.0,2669000000.0,97208400.0,-3506000.0,14435200.0,-101000000.0,226000000.0,-8831300.0,-996000000.0000001,112000000.0,568000000.0,2520000000.0,8773000000.0,22515000000.0,6334000000.0,4480000000.0,1854000000.0
2024Q1,26560677504.81,26560677504.81,738922245.72,3405480468.19,450898857.58,953941850.77,1043846.63,66336945.25,72278587.98,31302646.75,14868819.6,25586678.48,-1940040.73,-46076394.1,19484655.39,313458934.7,314111674.34,88961703.19,88961703.19,219551774.68,-130590071.49,0.15,0.15,225149971.15,114379377.77,-130471885.41,118186.08,815908.55,1468648.19,26396510245.42,3305630.21,120934129.52,3187444.13,21483000000.0,986999999.9999999,2466000000.0,2466000000.0,1907000000.0,0.0,4843000000.0,2460000000.0,36718000000.0,9275000000.0,2057000000.0,46915200.00000001,567000000.0,813000000.0000001,26206000000.0,445000000.0,23032000000.0,23381900.0,2800000000.0,228000000.0,581000000.0,0.0,1671000000.0,340000000.0,49620000000.0,762000000.0,0.0,455000000.0,5920000000.0,17875000000.0,374000000.0,-7848999999.999999,11630000000.0,-4247000000.0,7383000000.0,62923000000.0,55540000000.0,0.0,2200000000.0,0.0,9594900.0,22470000000.0,0.0,99546299.99999999,9897000000.0,0.0,0.0,210000000.0,0.0,154000000.0,42849000000.0,19817000000.0,682000000.0,0.0,1241000000.0,0.0,0.0,58636300.0,1703000000.0,1510000000.0,205000000.0,-74749800.0,62923000000.0,28570000000.0,126000000.0,628000000.0,29323000000.0,11421000000.0,1185000000.0,1323000000.0,14208000000.0,28137000000.0,1187000000.0,2070000000.0,7878300.0,115000000.0,2491700.0,2195000000.0,1880000000.0,2812000000.0,4864000000.0,-2669000000.0,103000000.0,0.0,177000000.0,423000000.0000001,21891100.0,497000000.0,-320000000.0,-1801000000.0,4480000000.0,2679000000.0,0.0,0.0,171000000.0,0.0,73914600.0,0.0,51972000.0,1123400.0,-1801000000.0,2679000000.0,0.0,0.0,0.0,0.0,0.0,0.0,0.0,0.0,0.0,0.0,0.0,0.0,0.0,0.0,0.0,0.0,0.0,0.0,0.0
2024Q2,65044468013.3,65044468013.3,1769237357.8,8699121540.88,1179428551.31,2827443107.47,-22531062.31,119628358.17,163897065.37,78441666.33,33275842.11,43438803.07,6695820.6,-243967954.67,-40024018.88,1700204120.44,1699109354.55,1359121175.0,1359121175.0,1624558336.35,-265437161.35,1.08,1.08,339988179.55,1437469749.42,-264884548.63,552612.72,6171167.7,5076401.81,63848047643.61,20456273.08,659199434.3,19903660.36,42612000000.0,1173000000.0,2248000000.0,2248000000.0,1893000000.0,2092000000.0,3543000000.0,4039000000.0,57938000000.0,8689000000.0,2077000000.0,46915200.00000001,565000000.0,162000000.0,24479000000.0,337000000.0,29629000000.0,31048200.0,4269000000.0,630000000.0,1132000000.0,739000000.0,1476000000.0,534999999.9999999,68504000000.0,661000000.0,0.0,328000000.0,4864000000.0,17869000000.0,374000000.0,-6444000000.0,13241000000.0,-4193000000.0,9048000000.0,82417000000.0,73368000000.0,0.0,2092000000.0,0.0,9840800.0,43785000000.0,0.0,99546299.99999999,9676000000.0,9676000000.0,0.0,242000000.0,242000000.0,152000000.0,59354999999.99999,29726000000.0,739000000.0,0.0,0.0,0.0,0.0,574000000.0,1680000000.0,1510000000.0,22720300.0,-58033600.0,82417000000.0,72934000000.0,295000000.0,574000000.0,73802000000.0,23276000000.0,2056000000.0,2930000000.0,29181000000.0,57441999999.99999,16360000000.0,2570000000.0,26671000.0,126000000.0,0.0,2723000000.0,2634000000.0,4683000000.0,9126000000.0,-6403000000.0,454000000.0,0.0,540000000.0,844999999.9999999,39454000.0,1092000000.0,-552000000.0,9410000000.0,4480000000.0,13890000000.0,0.0,1254000000.0,555000000.0,0.0,85488000.0,0.0,208000000.0,5678400.0,9410000000.0,13890000000.0,1359000000.0,244000000.0,869999999.9999999,1049000000.0,30006600.0,-6695800.0,1069900.0,-43438800.0,120000000.0,-77166800.0,-85603000.0,-43045500.0,-14301200.0,218000000.0,12700000000.0,16360000000.0,13890000000.0,4480000000.0,9410000000.0
2024Q3,106626512436.57,106626512436.57,2860184868.83,13971132749.86,2207576202.52,4368483101.64,-192685756.38,161846966.39,347692667.5,96838399.77,35081304.92,63083035.32,4861954.4,-793237618.1,-25378258.84,3941108290.57,3964616992.08,3409733806.72,3409733806.72,4037930619.5,-628196812.78,2.67,2.67,554883185.36,3762769035.05,-627757910.43,438902.35,14174006.11,37682707.62,102938019917.8,-7099614.47,906448259.25,-7538516.82,51440000000.0,1757000000.0,2379000000.0,2379000000.0,1564000000.0,0.0,3494000000.0,2556000000.0,65616000000.0,10094000000.0,2079000000.0,46915200.00000001,640000000.0,138000000.0,25922000000.0,0.0,30833000000.0,49983500.0,4342000000.0,849000000.0,1232000000.0,0.0,1266000000.0,540000000.0,76179000000.0,691000000.0,0.0,340000000.0,5468000000.0,15715000000.0,374000000.0,-4030000000.0,13490000000.0,-3600000000.0,9891000000.0,91538000000.0,81647000000.0,0.0,2110000000.0,5949900.0,9877800.0,53197000000.0,0.0,96846299.99999999,9494000000.0,0.0,0.0,287000000.0,0.0,156000000.0,67115000000.0,36282000000.0,785000000.0,0.0,0.0,0.0,0.0,1109000000.0,1648000000.0,1510000000.0,13442500.0,-85475700.0,91538000000.0,119181000000.0,405000000.0,1194000000.0,120780000000.0,48335000000.0,2997000000.0,5209000000.0,44227000000.0,100768000000.0,20012000000.0,6450000000.0,63959500.0,137000000.0,0.0,6650000000.0,4358000000.0,7451000000.000001,12353000000.0,-5702000000.0,564000000.0,72000000.0,732000000.0,1460000000.0,60413400.0,4491000000.0,-3760000000.0,10559000000.0,4480000000.0,15038000000.0,0.0,0.0,544000000.0,0.0,95758900.0,0.0,2970000000.0,8865100.0,10559000000.0,15038000000.0,0.0,0.0,0.0,0.0,0.0,0.0,0.0,0.0,0.0,0.0,0.0,0.0,0.0,0.0,0.0,0.0,0.0,0.0,0.0
2025年报,165053636639.13,165053636639.13,4390172691.9,24194263481.94,4786889602.91,7954319736.55,-419778171.98,198656464.51,808845597.29,294063375.28,80179504.72,17184275.64,28623064.75,-1579002308.08,4532816.09,7517935744.56,7469529004.61,6146739812.9,6146739812.9,5956787449.91,189952362.99,3.68,3.67,1322789191.71,5135925807.64,196528656.97,6576293.98,158863349.87,110456609.92,157859698707.06,125326777.99,1558596588.81,118750484.01,87287000000.0,258000000.0,1736000000.0,1736000000.0,961999999.9999999,0.0,2447000000.0,5342000000.0,98783000000.0,11711000000.0,13571000000.0,497000000.0,1450000000.0,273000000.0,45123000000.0,0.0,40903000000.0,44415900.0,6851000000.000001,2581000000.0,1521000000.0,0.0,1119000000.0,553000000.0,93700000000.0,3858000000.0,0.0,426000000.0,8347000000.0,37413000000.0,595000000.0,1023000000.0,40918000000.0,940000000.0,41858000000.0,143906000000.0,102048000000.0,0.0,480000000.0,10971600.0,10957200.0,87545000000.0,0.0,156000000.0,14689000000.0,0.0,0.0,583000000.0,0.0,164000000.0,79599000000.0,38696000000.0,1432000000.0,0.0,0.0,0.0,0.0,1710000000.0,1583000000.0,1742000000.0,0.0,54369799.99999999,143906000000.0,186238000000.0,543000000.0,3721000000.0,190502000000.0,118218000000.0,5670000000.0,9450000000.0,28250000000.0,161588000000.0,28914000000.0,68254000000.0,186000000.0,184000000.0,1204000000.0,69847000000.0,4170000000.0,69986000000.0,74880000000.0,-5033000000.0,18230000000.0,8515000000.000001,26821000000.0,4843000000.0,2220000000.0,8544000000.0,18277000000.0,42030000000.0,6334000000.0,48363000000.0,19905000.0,0.0,724000000.0,5332000000.0,75667400.0,0.0,1481000000.0,-128000000.0,42030000000.0,48363000000.0,6147000000.0,1579000000.0,2124000000.0,2563000000.0,84586800.0,-28623100.0,25636700.0,-17184300.0,199000000.0,-263000000.0,-4846600.0,-203000000.0,-300000000.0,855000000.0000001,16158000000.0,28914000000.0,48363000000.0,6334000000.0,42030000000.0
2025Q1,19147080403.63,19147080403.63,496279763.08,2662268822.02,657479889.14,1050811251.11,-142255187.85,54544595.68,214083836.76,9872728.64,-29151974.82,1330733.2,3347991.93,-57082781.03,34630053.36,887597879.16,891770580.14,740630322.79,740630322.79,747793485.81,-7163163.02,0.5,0.5,151140257.35,393854971.81,-7030026.29,133136.73,16632089.7,20804790.68,18583709875.25,10879208.99,332128624.68,10746072.26,43792000000.0,240000000.0,2217000000.0,2217000000.0,1015000000.0,0.0,3135000000.0,4583000000.0,56116000000.0,10733000000.0,13468000000.0,143000000.0,1150000000.0,306000000.0,42594000000.0,2502000000.0,17196000000.0,34588100.0,4154000000.0,629000000.0,674000000.0,0.0,1424000000.0,499000000.0,67632000000.00001,4432000000.0,0.0,333000000.0,8202000000.0,23003000000.0,422000000.0,-1922000000.0,23126000000.0,-251000000.0,22875000000.0,98710000000.0,75834000000.0,0.0,828999999.9999999,0.0,10539600.0,44032000000.0,0.0,73205500.0,13962000000.0,0.0,0.0,977999999.9999999,0.0,183000000.0,53184000000.0,35988000000.0,4532000000.0,0.0,0.0,0.0,0.0,1307000000.0,1619000000.0,1633000000.0,0.0,-53634600.0,98710000000.0,21495000000.0,205000000.0,7183000000.0,28884000000.0,29125000000.0,1922000000.0,1329000000.0,4138000000.0,36514000000.0,-7630000000.0,10862000000.0,39367100.0,5311600.0,1204000000.0,12110000000.0,1188000000.0,8550000000.0,10135000000.0,1975000000.0,2000000000.0,7506999999.999999,9521000000.0,304000000.0,17220800.0,381000000.0,9140000000.0,3485000000.0,6334000000.0,9819000000.0,0.0,0.0,396000000.0,0.0,13604600.0,0.0,59857400.0,-161800.0,3485000000.0,9819000000.0,0.0,0.0,0.0,0.0,0.0,0.0,0.0,0.0,0.0,0.0,0.0,0.0,0.0,0.0,0.0,0.0,0.0,0.0,0.0
2025Q2,62401722813.8,62401722813.8,1674620467.46,8940726308.18,1534142179.45,2929532016.77,-277273155.34,121874443.3,404889204.21,14393850.44,-67061122.16,43180243.1,4234107.12,-275327232.31,13720515.64,3744445876.74,3724791554.04,3077363481.26,3077363481.26,2940890216.11,136473265.15,1.87,1.87,647428072.78,2474494986.0,136538253.09,64987.94,43151647.32,23497324.62,59147585179.95,250672.49,690106758.9,185684.55,47931000000.0,282000000.0,2119000000.0,2119000000.0,1379000000.0,802000000.0,3271000000.0,12581000000.0,68844000000.0,11806000000.0,13413000000.0,497000000.0,1088000000.0,236000000.0,44068000000.0,500000000.0,35513000000.0,38669600.0,5196000000.0,803999999.9999999,1315000000.0,4683000000.0,1074000000.0,630000000.0,77005000000.0,4363000000.0,0.0,377000000.0,8897000000.0,26021000000.0,422000000.0,-1313000000.0,26761000000.0,249000000.0,27010000000.0,112912000000.0,85902000000.0,0.0,802000000.0,0.0,10724500.0,48213000000.0,0.0,70908400.0,13997000000.0,13997000000.0,0.0,1007000000.0,1007000000.0,189000000.0,62764000000.0,27251000000.0,4683000000.0,0.0,0.0,0.0,0.0,1729000000.0,1591000000.0,1633000000.0,0.0,-64195000.0,112912000000.0,70263000000.0,335000000.0,14935000000.0,85533000000.0,55001000000.0,3117000000.0,3282000000.0,9696000000.0,71096000000.0,14437000000.0,21885000000.0,95686700.0,32233700.0,1204000000.0,23217000000.0,2002000000.0,27367000000.0,30183000000.0,-6966000000.0,5000000000.0,8456000000.0,13490000000.0,3805000000.0,1651000000.0,5628000000.0,7862000000.0,15331000000.0,6334000000.0,21665000000.0,0.0,0.0,815000000.0,0.0,33558100.0,0.0,173000000.0,-618100.0,15331000000.0,21665000000.0,3077000000.0,275000000.0,996000000.0000001,1149000000.0,38789700.0,-4234100.0,1840000.0,-43180200.00000001,122000000.0,-14043300.0,387000000.0,-249000000.0,-969000000.0,14481000000.0,-4798000000.0,14437000000.0,21665000000.0,6334000000.0,15331000000.0
2025Q3,110534420761.8,110534420761.8,3161153811.52,15990077978.06,2581965669.4,5059699803.35,-405451983.32,165073942.8,611196086.13,158537300.56,35125897.82,21503433.82,5006725.88,-321957806.17,14336748.83,6703732005.42,6699093729.96,5636955963.21,5636955963.21,5312355494.82,324600468.39,3.34,3.33,1062137766.75,4767500495.14,324781962.92,181494.53,58939468.84,54301193.38,104450689197.38,15161314.57,742574038.08,14979820.04,59541999999.99999,260000000.0,1955000000.0,1955000000.0,1225000000.0,0.0,3476000000.0,9222000000.0,76553000000.0,12378000000.0,13531000000.0,497000000.0,1180000000.0,277000000.0,44953000000.0,0.0,37321000000.0,44377400.0,7754000000.000001,1154000000.0,1497000000.0,0.0,1262000000.0,905000000.0000001,83985000000.0,3827000000.0,0.0,369000000.0,8795000000.0,24660000000.0,422000000.0,1058000000.0,27803000000.0,924000000.0,28726000000.0,121506000000.0,92780000000.0,0.0,655000000.0,0.0,10859600.0,59802000000.0,0.0,61160600.00000001,14189000000.0,0.0,0.0,1054000000.0,0.0,188000000.0,70054000000.0,32733000000.0,1315000000.0,0.0,0.0,0.0,0.0,2195000000.0,1612000000.0,1633000000.0,0.0,-49400900.0,121506000000.0,127113000000.0,491000000.0,9131000000.0,136736000000.0,85193000000.0,4274000000.0,6401000000.000001,18218000000.0,114086000000.0,22649000000.0,38695000000.0,127000000.0,51786500.0,1204000000.0,40099000000.0,2975000000.0,44320000000.0,48302000000.0,-8203000000.0,5195000000.0,8481000000.0,13730000000.0,4777000000.0,1685000000.0,7823000000.0,5907000000.0,20351000000.0,6334000000.0,26684000000.0,21686700.0,0.0,1007000000.0,0.0,54407299.99999999,0.0,1361000000.0,-2985500.0,20351000000.0,26684000000.0,0.0,0.0,0.0,0.0,0.0,0.0,0.0,0.0,0.0,0.0,0.0,0.0,0.0,0.0,0.0,0.0,0.0,0.0,0.0
