,一、营业总收入_利润,营业收入_利润,税金及附加_利润,销售费用_利润,管理费用_利润,研发费用_利润,财务费用_利润,其中：利息费用_利润,其中：利息收入_利润,投资收益_利润,其中：对联营企业和合营企业的投资收益_利润,公允价值变动收益_利润,资产处置收益_利润,资产减值损失_利润,信用减值损失_利润,营业利润_利润,利润总额_利润,净利润_利润,持续经营净利润_利润,归属于母公司所有者的净利润_利润,少数股东损益_利润,基本每股收益_利润,稀释每股收益_利润,所得税费用_利润,index_deduct_holder_net_profit_利润,minority_common_profit_total_利润,minority_comprehensive_income_利润,营业外支出_利润,营业外收入_利润,营业成本_利润,其他综合收益_利润,其他收益_利润,parent_other_comprehensive_income_利润,货币资金_资产,交易性金融资产_资产,应收账款_资产,应收票据及应收账款_资产,预付款项_资产,其他应收款_资产,存货_资产,其他流动资产_资产,流动资产合计_资产,无形资产_资产,长期股权投资_资产,商誉_资产,递延所得税资产_资产,其他非流动资产_资产,非流动资产合计_资产,短期借款_资产,应付账款_资产,预收款项_资产,合同负债_资产,应付职工薪酬_资产,应交税费_资产,其他应付款_资产,一年内到期的非流动负债_资产,其他流动负债_资产,流动负债合计_资产,长期借款_资产,应付债券_资产,递延所得税负债_资产,其他非流动负债_资产,非流动负债合计_资产,资本公积_资产,盈余公积_资产,未分配利润_资产,归属于母公司所有者权益合计_资产,少数股东权益_资产,所有者权益（或股东权益）合计_资产,资产合计_资产,负债合计_资产,其中：应收票据_资产,其他应收款合计_资产,其中：应收利息_资产,划分为持有待售的资产_资产,一年内到期的非流动资产_资产,总现金_资产,可供出售金融资产_资产,其他权益工具投资_资产,投资性房地产_资产,固定资产合计_资产,其中：固定资产_资产,固定资产清理_资产,在建工程合计_资产,其中：在建工程_资产,工程物资_资产,长期待摊费用_资产,以公允价值计量且其变动计入当期损益的金融负债_资产,应付票据及应付账款_资产,其中：应付票据_资产,其他应付款合计_资产,其中：应付利息_资产,应付股利_资产,长期应付款合计_资产,其中：长期应付款_资产,专项应付款_资产,预计负债_资产,递延收益-非流动负债_资产,实收资本（或股本）_资产,减：库存股_资产,其他综合收益_资产,负债和所有者权益（或股东权益）合计_资产,销售商品、提供劳务收到的现金_现金流,收到的税费与返还_现金流,收到其他与经营活动有关的现金_现金流,经营活动现金流入小计_现金流,购买商品、接受劳务支付的现金_现金流,支付给职工以及为职工支付的现金_现金流,支付的各项税费_现金流,支付其他与经营活动有关的现金_现金流,经营活动现金流出小计_现金流,经营活动产生的现金流量净额_现金流,收回投资收到的现金_现金流,取得投资收益收到的现金_现金流,处置固定资产、无形资产和其他长期资产收回的现金净额_现金流,收到其他与投资活动有关的现金_现金流,投资活动现金流入小计_现金流,购建固定资产、无形资产和其他长期资产支付的现金_现金流,投资支付的现金_现金流,投资活动现金流出小计_现金流,投资活动产生的现金流量净额_现金流,吸收投资收到的现金_现金流,取得借款收到的现金_现金流,筹资活动现金流入小计_现金流,偿还债务支付的现金_现金流,分配股利、利润或偿付利息支付的现金_现金流,筹资活动现金流出小计_现金流,筹资活动产生的现金流量净额_现金流,现金及现金等价物净增加额_现金流,加：期初现金及现金等价物余额_现金流,期末现金及现金等价物余额_现金流,取得子公司及其他营业单位支付的现金净额_现金流,支付其他与投资活动有关的现金_现金流,其中：子公司吸收少数股东投资收到的现金_现金流,收到其他与筹资活动有关的现金_现金流,其中：子公司支付给少数股东的股利、利润_现金流,支付其他与筹资活动有关的现金_现金流,四、汇率变动对现金及现金等价物的影响_现金流,五、现金及现金等价物净增加额_现金流,六、期末现金及现金等价物余额_现金流,净利润_现金流,加：资产减值准备_现金流,固定资产折旧、油气资产折耗、生产性生物资产折旧_现金流,无形资产摊销_现金流,长期待摊费用摊销_现金流,处置固定资产、无形资产和其他长期资产的损失_现金流,固定资产报废损失_现金流,公允价值变动损失_现金流,财务费用_现金流,投资损失_现金流,递延所得税资产减少_现金流,递延所得税负债增加_现金流,存货的减少_现金流,经营性应收项目的减少_现金流,经营性应付项目的增加_现金流,其他_现金流,间接法-经营活动产生的现金流量净额_现金流,现金的期末余额_现金流,减：现金的期初余额_现金流,间接法-现金及现金等价物净增加额_现金流
2016年报,78542441757.19,78542441757.19,3629619040.93,5293744700.63,5128856385.18,0.0,-305390915.29,0.0,0.0,9619016254.57,9563723801.4,0.0,-26176073.44,468851401.15,0.0,9431995417.14,10349824780.25,10276594658.84,10276594658.84,10285284120.57,-8689461.73,2.19,0.0,73230121.41,9448723644.17,-8689461.73,0.0,57631590.65,975460953.76,78703286521.18,-100629936.31,0.0,-100629936.31,24783000000.0,0.0,1499000000.0,30501000000.0,1061000000.0,1403000000.0,7304000000.000001,926000000.0,65998000000.0,3445000000.0,14743000000.0,9804400.0,1448000000.0,0.0,40513000000.0,175000000.0,19881000000.0,6854000000.000001,0.0,1840000000.0,556000000.0,1449000000.0,1992000000.0,4212000000.0,59994000000.00001,19980900.0,0.0,34535300.0,0.0,3163000000.0,5085000000.0,2401000000.0,31127000000.0,43574000000.0,-221000000.0,43353000000.0,106510000000.0,63157000000.00001,29003000000.0,1423000000.0,19318100.0,0.0,0.0,24783000000.0,432000000.0,0.0,7783000.0,15480000000.0,15480000000.0,0.0,3822000000.0,3822000000.0,96700.0,13448400.0,0.0,40833000000.0,20952000000.0,1523000000.0,73458000.0,79700.0,217000000.0,0.0,217000000.0,0.0,2786000000.0,4803000000.0,0.0,141000000.0,106510000000.0,78942000000.0,179000000.0,1356000000.0,80477000000.0,59116000000.0,5550000000.0,6902000000.0,6623000000.0,78190000000.0,2287000000.0,0.0,9799000000.0,2799400.0,280000000.0,10082000000.0,4645000000.0,0.0,4645000000.0,5437000000.0,1984000000.0,168000000.0,2153000000.0,9639000.0,3111000000.0,4603000000.0,-2450000000.0,5268000000.0,17726000000.0,22993000000.0,0.0,0.0,0.0,1110000.0,0.0,1482000000.0,-6605000.0,5268000000.0,22993000000.0,10277000000.0,469000000.0000001,1780000000.0,504000000.0,2771900.0,26176100.0,0.0,0.0,122000000.0,-9619000000.0,-31996100.0,0.0,688000000.0,-8528000000.0,6772000000.0,4449000.0,2287000000.0,22993000000.0,17726000000.0,5268000000.0
2016Q1,19337756565.65,19337756565.65,878762709.46,1245628687.54,906143346.43,0.0,-43658323.21,0.0,0.0,2417713930.5,2417713930.5,0.0,0.0,6984259.47,0.0,2486668691.73,2665186729.18,2660234013.88,0.0,2673017139.39,-12783125.51,0.57,0.0,4952715.3,2529388182.32,0.0,0.0,24603975.77,203122013.22,19268801804.42,0.0,0.0,0.0,18717000000.0,0.0,1270000000.0,24141000000.0,670000000.0,1300000000.0,8935000000.0,10476500.0,53832000000.00001,2975000000.0,17324000000.0,9804400.0,1424000000.0,0.0,40956000000.0,165000000.0,15768000000.0,7447000000.0,0.0,1319000000.0,564000000.0,1855000000.0,0.0,3706000000.0,51053000000.0,0.0,1976000000.0,43255100.0,0.0,6933000000.0,3227000000.0,2331000000.0,26572000000.0,37026000000.0,-224000000.0,36801000000.0,94788000000.0,57986000000.0,22872000000.0,1358000000.0,34362700.0,0.0,0.0,18717000000.0,480999999.9999999,0.0,7953000.0,13631000000.0,13630000000.0,285600.0,4082000000.0,4082000000.0,96700.0,13931900.0,0.0,35898000000.0,20130000000.0,1954000000.0,99693000.0,79700.0,159000000.0,0.0,159000000.0,1993000000.0,2637000000.0,4663000000.0,0.0,200000000.0,94788000000.0,20795000000.0,97491100.0,556000000.0,21448000000.0,14341000000.0,2012000000.0,1775000000.0,1705000000.0,19833000000.0,1615000000.0,0.0,0.0,57200.0,0.0,57200.0,1046000000.0,0.0,1046000000.0,-1046000000.0,0.0,115000000.0,147000000.0,0.0,1938600.0,23673600.0,123000000.0,692000000.0,17726000000.0,18418000000.0,0.0,0.0,0.0,31766800.0,0.0,21735100.0,91400.0,692000000.0,18418000000.0,0.0,0.0,0.0,0.0,0.0,0.0,0.0,0.0,0.0,0.0,0.0,0.0,0.0,0.0,0.0,0.0,0.0,0.0,0.0,0.0
2016Q2,35801762921.25,35801762921.25,1574338990.15,2120708553.33,2212296933.23,0.0,-107788565.12,0.0,0.0,5208991269.98,5204376269.98,0.0,0.0,142232585.34,0.0,5201627508.62,5706298099.54,5476751600.38,0.0,5490988582.32,-14236981.94,1.18,1.18,229546499.16,5051311451.92,-14236981.94,0.0,33752670.96,538423261.88,35809126682.61,-94240769.25,0.0,0.0,21358000000.0,0.0,1480000000.0,21313000000.0,991000000.0,1237000000.0,10212000000.0,6933500.0,55159000000.0,3449000000.0,15781000000.0,9804400.0,1344000000.0,0.0,40320000000.0,166000000.0,15782000000.0,7214000000.0,0.0,1038000000.0,64371500.0,1799000000.0,1977000000.0,4098000000.0,54304999999.99999,0.0,0.0,36546800.0,0.0,4602000000.0,3227000000.0,2331000000.0,26402000000.0,36797000000.0,-226000000.0,36572000000.0,95479000000.0,58907000000.00001,19833000000.0,1278000000.0,16881900.0,0.0,0.0,21358000000.0,437000000.0,0.0,7896300.0,13777000000.0,13777000000.0,0.0,4652000000.0,4652000000.0,96700.0,13848500.0,0.0,37927000000.0,22144000000.0,1820000000.0,20988000.0,79700.0,168000000.0,8140200.0,160000000.0,1698000000.0,2599000000.0,4663000000.0,0.0,148000000.0,95479000000.0,40846000000.0,166000000.0,695000000.0,41707000000.0,27753000000.0,3209000000.0,3038000000.0,3086000000.0,37086000000.0,4621000000.0,0.0,4335000000.0,1307200.0,500000.0,4336000000.0,2655000000.0,0.0,2655000000.0,1681000000.0,0.0,115000000.0,176000000.0,0.0,3091000000.0,3111000000.0,-2935000000.0,3364000000.0,17726000000.0,21090000000.0,0.0,7400.0,0.0,61286100.0,0.0,20368600.0,-2764000.0,3364000000.0,21090000000.0,5477000000.0,142000000.0,1232000000.0,246000000.0,168600.0,894100.0,0.0,0.0,-108000000.0,-5209000000.0,72097500.0,0.0,-2083000000.0,1870000000.0,2960000000.0,20271100.0,4621000000.0,21090000000.0,17726000000.0,3364000000.0
2016Q3,53606996053.51,53606996053.51,2369204402.58,3464465744.94,3567235667.4,0.0,-180127064.04,0.0,0.0,7566389659.71,7561774659.71,0.0,0.0,144954325.8,0.0,7410398748.82,7943437239.01,7724128543.25,0.0,7739348328.21,-15219784.96,1.66,1.66,219308695.76,7275779037.42,-15219784.96,0.0,53845363.46,586883853.65,53762986964.4,-93933964.78,0.0,0.0,25103000000.0,0.0,1518000000.0,21622000000.0,880000000.0000001,1131000000.0,9296000000.0,1110400.0,58041000000.0,3369000000.0,17265000000.0,9804400.0,1398000000.0,3100.0,42577000000.0,175000000.0,15505000000.0,7887000000.0,0.0,1237000000.0,947000000.0000001,1774000000.0,1985000000.0,4354000000.0,54996000000.0,26641200.0,0.0,37603400.0,1984000000.0,6802000000.0,3227000000.0,2331000000.0,28651000000.0,39047000000.0,-227000000.0,38820000000.0,100618000000.0,61798000000.0,20104000000.0,1138000000.0,6849100.0,0.0,0.0,25103000000.0,434999999.9999999,0.0,50068700.0,14925000000.0,14925000000.0,11200.0,4071000000.0,4071000000.0,96700.0,14117400.0,0.0,36590000000.0,21084000000.0,1822000000.0,47223000.0,79700.0,256000000.0,6547100.0,249000000.0,1835000000.0,2567000000.0,4663000000.0,0.0,148000000.0,100618000000.0,60072000000.0,197000000.0,1235000000.0,61504000000.0,42166000000.0,4251000000.0,3857000000.0,4738000000.0,55011000000.0,6493000000.000001,0.0,5208000000.0,2144800.0,0.0,5210000000.0,3668000000.0,0.0,3668000000.0,1543000000.0,1984000000.0,163000000.0,2157000000.0,4639400.0,3101000000.0,3588000000.0,-1431000000.0,6595999999.999999,17726000000.0,24321000000.0,0.0,20800.0,0.0,9597500.0,0.0,482000000.0,-8455500.0,6595999999.999999,24321000000.0,0.0,0.0,0.0,0.0,0.0,0.0,0.0,0.0,0.0,0.0,0.0,0.0,0.0,0.0,0.0,0.0,0.0,0.0,0.0,0.0
2017年报,80012205182.37,80012205182.37,3074023009.42,3978124859.65,2663645058.45,2616651435.07,-524973961.02,48334684.86,609804833.96,6906324932.2,6854896911.97,0.0,41774452.23,251517154.6,0.0,7151627486.37,7180889557.21,7208437270.06,7208437270.06,7137234723.47,71202546.59,1.49,0.0,-27547712.85,5716114648.34,71202546.59,0.0,75068057.28,104330128.12,81422020297.02,-58521484.39,1613343216.59,-58521484.39,22632000000.0,0.0,1807000000.0,30963000000.0,1102000000.0,1645000000.0,4666000000.0,1706000000.0,62757000000.00001,4048000000.0,14099000000.0,9804400.0,1534000000.0,0.0,43368000000.0,185000000.0,21903000000.0,3878000000.0,0.0,1641000000.0,394000000.0,2599000000.0,13151900.0,3562000000.0,54603000000.0,6576000.0,0.0,21222800.0,0.0,4059000000.0,5099000000.0,2401000000.0,35184000000.0,47599000000.0,-136000000.0,47463000000.0,106125000000.0,58662000000.0,29156000000.0,1687000000.0,42184300.0,0.0,0.0,22632000000.0,542000000.0,0.0,7556300.0,19045000000.0,19045000000.0,4700.0,3234000000.0,3234000000.0,0.0,13545600.0,0.0,39906000000.0,18003000000.0,2599000000.0,0.0,79700.0,291000000.0,0.0,291000000.0,0.0,3628000000.0,4803000000.0,0.0,82959400.0,106125000000.0,84930000000.0,294000000.0,3750000000.0,88974000000.0,72951000000.0,5706000000.0,5152000000.0,6289000000.0,90097000000.0,-1123000000.0,7069600.0,8727000000.0,25865700.0,0.0,8760000000.0,3309000000.0,1270000000.0,4578000000.0,4182000000.0,0.0,185000000.0,1164000000.0,2169000000.0,3200000000.0,5739000000.0,-4575000000.0,-1542000000.0,22993000000.0,21451000000.0,0.0,0.0,0.0,978999999.9999999,0.0,370000000.0,-25573900.0,-1542000000.0,21451000000.0,7208000000.0,252000000.0,1915000000.0,647000000.0,565400.0,-41774500.0,0.0,0.0,48334700.0,-6906000000.0,-86250500.0,0.0,2555000000.0,-2178000000.0,-4479000000.0,25701900.0,-1123000000.0,21451000000.0,22993000000.0,-1542000000.0
2017Q1,17667498708.59,17667498708.59,821999049.49,1261065351.21,642428393.22,0.0,-116396575.66,0.0,0.0,2223145550.04,2223145550.04,0.0,-832329.25,-700101.76,0.0,2436585135.83,2448599271.79,2390878919.92,0.0,2401344788.39,-10465868.47,0.5,0.5,57720351.87,2271469057.47,-10465868.47,0.0,1660145.42,13674281.38,17599041756.59,-10057990.11,145814963.04,0.0,28328000000.0,0.0,2427000000.0,25880000000.0,1323000000.0,1835000000.0,9971000000.0,1344000000.0,68717999999.99999,3776000000.0,16967000000.0,9804400.0,1567000000.0,101000000.0,42976000000.0,201000000.0,19272000000.0,9064000000.0,0.0,818000000.0,461000000.0000001,1482000000.0,1986000000.0,4265000000.0,60391000000.0,19980900.0,0.0,8742600.0,0.0,5563000000.0,5085000000.0,2401000000.0,33528000000.0,45971000000.0,-231000000.0,45740000000.0,111694000000.0,65954000000.0,23452000000.0,1872000000.0,37065900.0,0.0,0.0,28328000000.0,400000000.0,0.0,49747000.0,15340000000.0,15340000000.0,178400.0,3849000000.0,3849000000.0,0.0,13529100.0,0.0,42012000000.0,22740000000.0,1582000000.0,99693000.0,79700.0,276000000.0,3290900.0,273000000.0,2401000000.0,2755000000.0,4803000000.0,0.0,131000000.0,111694000000.0,26591000000.0,29727100.0,617000000.0,27238000000.0,16962000000.0,2073000000.0,2207000000.0,1670000000.0,22911000000.0,4326000000.0,0.0,0.0,217300.0,0.0,217300.0,704000000.0,101000000.0,805000000.0000001,-805000000.0000001,0.0,186000000.0,626000000.0,160000000.0,3110500.0,165000000.0,459999999.9999999,3983000000.0,22993000000.0,26976000000.0,0.0,13300.0,0.0,438999999.9999999,0.0,2362400.0,577400.0,3983000000.0,26976000000.0,0.0,0.0,0.0,0.0,0.0,0.0,0.0,0.0,0.0,0.0,0.0,0.0,0.0,0.0,0.0,0.0,0.0,0.0,0.0,0.0
2017Q2,33555213109.46,33555213109.46,1443786480.14,2004176042.01,1785734071.11,0.0,-246821602.15,0.0,0.0,3831618978.64,3831618978.64,0.0,8914486.07,92122720.46,0.0,4677828078.14,4708458706.21,4667462601.55,4667462601.55,4620545739.52,46916862.03,0.96,0.96,40996104.66,3556761447.08,46916862.03,0.0,12865146.02,43495774.09,33871753401.89,-49271529.86,1153834905.86,0.0,27882000000.0,0.0,1900000000.0,23635000000.0,1274000000.0,1110000000.0,10766000000.0,1841000000.0,66576000000.0,3830000000.0,14117000000.0,9804400.0,1517000000.0,3100.0,40707000000.0,189000000.0,17078000000.0,9232000000.0,0.0,911999999.9999999,360000000.0,1719000000.0,6461799.999999999,3926000000.0,56114000000.0,19980900.0,0.0,28451200.0,0.0,6243000000.0,5110000000.0,2401000000.0,32667000000.0,45100000000.0,-174000000.0,44926000000.0,107283000000.0,62355999999.99999,21735000000.0,1176000000.0,66275000.0,0.0,0.0,27882000000.0,569000000.0,0.0,7669600.0,15653000000.0,15653000000.0,198100.0,4054000000.0,4054000000.0,0.0,13670300.0,0.0,39770000000.0,22692000000.0,1719000000.0,0.0,79700.0,244000000.0,1727800.0,243000000.0,2339000000.0,3513000000.0,4803000000.0,0.0,92209400.0,107283000000.0,46780000000.0,141000000.0,2518000000.0,49439000000.0,34870000000.0,3158000000.0,3358000000.0,3093000000.0,44480000000.0,4960000000.0,0.0,4458000000.0,12051600.0,630000000.0,5100000000.0,1761000000.0,101000000.0,1862000000.0,3237000000.0,0.0,186000000.0,935000000.0,2140000000.0,3168000000.0,5342000000.0,-4407000000.0,3816000000.0,22993000000.0,26809000000.0,0.0,0.0,0.0,750000000.0,0.0,33855600.0,25338100.0,3816000000.0,26809000000.0,4667000000.0,92122700.0,1086000000.0,308000000.0,154200.0,-8972000.0,0.0,0.0,-247000000.0,-3832000000.0,-69564800.0,0.0,-3462000000.0,6029000000.0,403000000.0,-6506799.999999999,4960000000.0,26809000000.0,22993000000.0,3816000000.0
2017Q3,51431180946.38,51431180946.38,2050729598.01,2350906633.64,2251689667.31,771498144.76,-392120666.68,44997797.59,461863500.63,5550949277.61,5547399277.64,0.0,9430234.25,91371764.21,0.0,5741733865.85,5837844998.91,5849079377.87,5849079377.87,5810596533.93,38482843.94,1.21,1.21,-11234378.96,4638654413.67,38482843.94,0.0,15679452.21,111790585.27,52494690330.87,-4880856.36,1244863738.48,-4880856.36,23992000000.0,0.0,1996000000.0,23361000000.0,1832000000.0,1186000000.0,9876000000.0,1913000000.0,62188000000.0,4071000000.0,14734000000.0,9804400.0,1547000000.0,3100.0,42191000000.0,182000000.0,17781000000.0,7755000000.0,0.0,984000000.0,343000000.0,1730000000.0,13151900.0,3056000000.0,51647000000.0,6576000.0,0.0,29591600.0,0.0,6577000000.0,5110000000.0,2401000000.0,33857000000.0,46338000000.0,-182000000.0,46156000000.0,104379000000.0,58223000000.0,21364000000.0,1214000000.0,28195300.0,0.0,0.0,23992000000.0,586000000.0,0.0,7613000.0,16139000000.0,16139000000.0,203800.0,4286000000.0,4286000000.0,0.0,13901600.0,0.0,37583000000.0,19802000000.0,1730000000.0,0.0,79700.0,290000000.0,1741000.0,288000000.0,2524000000.0,3630000000.0,4803000000.0,0.0,137000000.0,104379000000.0,64566999999.99999,179000000.0,3119000000.0,67866000000.0,54247000000.0,4310000000.0,3981000000.0,4580000000.0,67117999999.99999,748000000.0,0.0,5561000000.0,12338000.0,630000000.0,6202000000.0,2457000000.0,101000000.0,2558000000.0,3644000000.0,0.0,196000000.0,860000000.0,2177000000.0,3195000000.0,5501000000.0,-4641000000.0,-255000000.0,22993000000.0,22739000000.0,0.0,0.0,0.0,665000000.0,0.0,129000000.0,-6043800.0,-255000000.0,22739000000.0,0.0,0.0,0.0,0.0,0.0,0.0,0.0,0.0,0.0,0.0,0.0,0.0,0.0,0.0,0.0,0.0,0.0,0.0,0.0,0.0
2018年报,66298270389.77,66298270389.77,2305917984.34,5283255346.48,2141231988.91,3184788921.68,-427062035.06,11700010.25,476922766.94,-71306776.79,-331883560.67,0.0,8561074.73,-238554564.69,0.0,-201438349.91,658225323.83,723359381.87,723359381.87,680728392.03,42630989.84,0.14,0.0,-65134058.04,-3165070272.21,42630989.84,0.0,56555550.94,916219224.68,69071600575.49,152550506.6,2873192102.56,152550506.6,9981000000.0,0.0,1409000000.0,21971000000.0,866000000.0,0.0,4917000000.0,2245000000.0,43213000000.0,5018000000.0,13275000000.0,9804400.0,1656000000.0,0.0,50276000000.0,190000000.0,13916000000.0,1556000000.0,0.0,1363000000.0,669000000.0,3080000000.0,6594100.0,4325000000.0,43160000000.0,0.0,0.0,135000000.0,0.0,4176000000.0,5057000000.0,2401000000.0,33707000000.0,46245000000.0,-92036700.0,46153000000.0,93489000000.0,47336000000.0,20562000000.0,3233000000.0,0.0,0.0,0.0,9981000000.0,1958000000.0,0.0,7329600.0,22161000000.0,22161000000.0,0.0,5384000000.0,5384000000.0,0.0,17104600.0,0.0,28724000000.0,14808000000.0,3080000000.0,0.0,79700.0,304000000.0,0.0,0.0,0.0,3683000000.0,4803000000.0,0.0,236000000.0,93489000000.0,76765000000.0,463999999.9999999,4768000000.0,81997000000.0,70505000000.0,6114000000.0,2496000000.0,6769000000.0,85884000000.0,-3887000000.0,0.0,1409000000.0,42904500.0,1036000000.0,2489000000.0,6488000000.0,2035000000.0,9057000000.0,-6569000000.0,0.0,340000000.0,1195000000.0,348000000.0,2169000000.0,2548000000.0,-1353000000.0,-11803000000.0,21451000000.0,9648000000.0,534000000.0,0.0,0.0,855000000.0000001,0.0,30344200.0,5731799.999999999,-11803000000.0,9648000000.0,723000000.0,239000000.0,2335000000.0,766000000.0,3916600.0,-8561100.0,0.0,0.0,11700000.0,71306800.0,-122000000.0,-2794100.0,162000000.0,7013000000.0,-14322000000.0,-810000000.0,-3887000000.0,9648000000.0,21451000000.0,-11803000000.0
2018Q1,20010746940.77,20010746940.77,733870230.8,1244708672.52,660215017.26,265386051.26,-124880508.71,0.0,0.0,1148431489.58,1148431489.57,0.0,3187946.74,1352834.57,0.0,1385455951.25,1374872339.18,1357204965.11,1357204965.11,1391793407.67,-34588442.56,0.29,0.29,17667374.07,896758297.55,-34588442.56,0.0,24442068.39,13858456.32,20389516370.09,-29597039.17,612605944.25,-29597039.17,23561000000.0,0.0,2058000000.0,28258000000.0,1458000000.0,2057000000.0,5144000000.0,1488000000.0,62024000000.0,4046000000.0,15247000000.0,9804400.0,1552000000.0,3100.0,45142000000.0,170000000.0,21148000000.0,3519000000.0,0.0,896000000.0000001,234000000.0,1929000000.0,13423400.0,3894000000.0,51313000000.0,0.0,0.0,21840500.0,0.0,7054000000.000001,5099000000.0,2401000000.0,36576000000.0,48969000000.0,-170000000.0,48799000000.0,107166000000.0,58366999999.99999,26200000000.0,2115000000.0,57507100.0,0.0,0.0,23561000000.0,532000000.0,0.0,7499600.0,18779000000.0,18779000000.0,19400.0,4056000000.0,4056000000.0,0.0,14142200.0,0.0,40658000000.0,19509000000.0,1929000000.0,0.0,79700.0,294000000.0,0.0,294000000.0,2759000000.0,3872000000.0,4803000000.0,0.0,53362400.0,107166000000.0,24814000000.0,156000000.0,1228000000.0,26198000000.0,18818000000.0,2032000000.0,966000000.0,1745000000.0,23562000000.0,2636000000.0,0.0,0.0,811700.0,0.0,811700.0,1685000000.0,0.0,1685000000.0,-1684000000.0,0.0,150000000.0,933000000.0,171000000.0,3061400.0,174000000.0,759000000.0,1713000000.0,21478000000.0,23191000000.0,0.0,0.0,0.0,783000000.0,0.0,0.0,1597000.0,1713000000.0,23191000000.0,0.0,0.0,0.0,0.0,0.0,0.0,0.0,0.0,0.0,0.0,0.0,0.0,0.0,0.0,0.0,0.0,0.0,0.0,0.0,0.0
2018Q2,35642832190.04,35642832190.04,1286915201.57,2543462428.51,1048876421.66,1106524840.39,-225518842.31,13996367.31,263722875.78,1362011815.11,1362011815.11,0.0,18771809.69,-108941422.42,0.0,1655799857.47,1632769991.3,1617481673.47,1617481673.47,1609606578.84,7875094.63,0.34,0.34,15288317.83,695716688.41,7875094.63,0.0,52348762.93,29318896.76,36375105754.27,247029533.59,1116231219.32,247029533.59,24068000000.0,0.0,1926000000.0,20316000000.0,1004000000.0,2097000000.0,4726000000.0,2195000000.0,54461000000.0,4011000000.0,15638000000.0,9804400.0,1562000000.0,0.0,45950000000.0,186000000.0,15502000000.0,1935000000.0,0.0,775000000.0,207000000.0,1820000000.0,13423400.0,3792000000.0,46611000000.0,0.0,0.0,17069300.0,0.0,6612000000.0,5099000000.0,2401000000.0,34636000000.0,47315000000.0,-128000000.0,47188000000.0,100411000000.0,53223000000.0,18390000000.0,2152000000.0,55081300.0,0.0,0.0,24068000000.0,564000000.0,0.0,7442900.0,18458000000.0,18457000000.0,1342900.0,4728000000.0,4728000000.0,0.0,14569100.0,0.0,35724000000.0,20223000000.0,3978000000.0,0.0,2158000000.0,217000000.0,0.0,217000000.0,2542000000.0,3731000000.0,4803000000.0,0.0,330000000.0,100411000000.0,47599000000.0,196000000.0,1721000000.0,49516000000.0,36479000000.0,3423000000.0,1795000000.0,3417000000.0,45115000000.0,4401000000.0,0.0,115000000.0,18444100.0,17358800.0,150000000.0,3071000000.0,52243800.0,3124000000.0,-2973000000.0,0.0,166000000.0,1046000000.0,171000000.0,5326900.000000001,177000000.0,869999999.9999999,2316000000.0,21451000000.0,23768000000.0,0.0,0.0,0.0,880000000.0000001,0.0,0.0,18804300.0,2316000000.0,23768000000.0,1617000000.0,109000000.0,1046000000.0,350000000.0,113400.0,18771800.0,0.0,0.0,-226000000.0,-1362000000.0,-28289500.0,0.0,-60238100.00000001,9805000000.0,-6909999999.999999,42062500.0,4401000000.0,23768000000.0,21451000000.0,2316000000.0
2018Q3,49851658390.16,49851658390.16,1772568209.15,3912993343.98,2255596087.56,1362531453.29,-343058447.47,0.0,0.0,1232775886.06,1231574015.78,0.0,21092069.59,-110737599.36,0.0,1181154002.7,1166435419.81,1171067950.13,0.0,1163081476.01,7986474.12,0.24,0.0,-4632530.32,-15753465.6,7986474.12,0.0,65440559.88,50721976.99,51224849363.25,264469400.98,1411214619.5,264469400.98,15641000000.0,0.0,2364000000.0,18844000000.0,1078000000.0,0.0,6445000000.0,1755000000.0,45983000000.0,4211000000.0,16222000000.0,9804400.0,1575000000.0,534000000.0,48662000000.0,186000000.0,0.0,2485000000.0,0.0,840000000.0,301000000.0,0.0,6594100.0,4086000000.0,41328000000.0,0.0,0.0,15578300.0,0.0,6554000000.000001,5099000000.0,2401000000.0,34189000000.0,46891000000.0,-128000000.0,46763000000.0,94645000000.0,47882000000.0,16479000000.0,2221000000.0,0.0,0.0,0.0,15641000000.0,554000000.0,0.0,7386200.0,18584000000.0,18584000000.0,0.0,6019000000.0,6019000000.0,0.0,15437000.0,0.0,31593000000.0,0.0,1831000000.0,0.0,0.0,310000000.0,310000000.0,0.0,2548000000.0,3577000000.0,4803000000.0,0.0,347000000.0,94645000000.0,64291000000.0,728000000.0,2686000000.0,67705999999.99999,54305999999.99999,4782000000.0,2212000000.0,5482000000.0,66782000000.00001,924000000.0,0.0,1347000000.0,23899800.0,26358800.0,1397000000.0,4609000000.0,2541000000.0,7150000000.0,-5753000000.0,0.0,176000000.0,959000000.0,188000000.0,2172000000.0,2360000000.0,-1401000000.0,-6208000000.0,21451000000.0,15243000000.0,0.0,0.0,0.0,783000000.0,0.0,0.0,22636800.0,-6208000000.0,15243000000.0,0.0,0.0,0.0,0.0,0.0,0.0,0.0,0.0,0.0,0.0,0.0,0.0,0.0,0.0,0.0,0.0,0.0,0.0,0.0,0.0
2019年报,70595245133.28,70595245133.28,2488057067.83,4591170885.94,2265231518.65,3169063761.13,-190849511.73,40109729.93,245520358.56,-2109369113.31,-2158815891.2,889154888.69,56658864.17,-395506650.22,-125657732.02,-2107108138.38,-2242366904.52,-2649131890.88,-2649131890.88,-2646719356.53,-2412534.35,-0.55,0.0,406764986.36,-4762446597.61,-2412534.35,0.0,184962615.32,49703849.18,72555259149.9,69977399.2,1537625620.93,69977399.2,10066000000.0,2419000000.0,838000000.0000001,27644000000.0,624000000.0,3732000000.0,3375000000.0,1746000000.0,49607000000.0,5210000000.0,11008000000.0,9804400.0,1543000000.0,0.0,48010000000.0,230000000.0,18906000000.0,2316000000.0,0.0,1046000000.0,889000000.0,4810000000.0,0.0,4254000000.0,49233000000.0,55300000.0,0.0,297000000.0,0.0,4450000000.0,5366000000.0,2401000000.0,31271000000.0,44028000000.0,-94241800.0,43934000000.0,97617000000.0,53683000000.00001,26806000000.0,3732000000.0,0.0,0.0,0.0,12486000000.0,0.0,735000000.0,7102800.0,26939000000.0,26939000000.0,0.0,1730000000.0,1730000000.0,0.0,14327600.0,0.0,32336000000.0,13431000000.0,4810000000.0,0.0,0.0,857000000.0,0.0,857000000.0,0.0,3194000000.0,4803000000.0,0.0,140000000.0,97617000000.0,70578000000.0,604000000.0,4019000000.0,75201000000.0,55704999999.99999,5633000000.0,2955000000.0,7026000000.000001,71320000000.0,3882000000.0,831000000.0,1387000000.0,72899200.0,0.0,2291000000.0,4784000000.0,1002000000.0,6086000000.0,-3795000000.0,0.0,305000000.0,338000000.0,217000000.0,127000000.0,738000000.0,-401000000.0,-288000000.0,9648000000.0,9360000000.0,0.0,300000000.0,0.0,32839800.0,0.0,395000000.0,25760500.0,-288000000.0,9360000000.0,-2649000000.0,521000000.0,3016000000.0,1025000000.0,6768600.0,-56658900.0,61599500.0,-889000000.0,40109700.0,2109000000.0,113000000.0,127000000.0,1317000000.0,-6934000000.0,6609999999.999999,-48238700.0,3882000000.0,9360000000.0,9648000000.0,-288000000.0
2019Q1,16007950602.5,16007950602.5,587353356.83,875729224.29,626499621.93,455925951.99,-42420980.32,0.0,0.0,-397154020.56,-388909153.76,0.0,-1633541.79,0.0,-3592637.73,-2044422914.65,-2035432323.76,-2102941004.7,-2102941004.7,-2096352326.12,-6588678.58,-0.44,-0.44,67508680.94,-2161147810.27,-6588678.58,0.0,949871.51,9940462.4,17707550414.09,260305062.54,57557097.02,260305062.54,12024000000.0,0.0,0.0,20598000000.0,1017000000.0,0.0,6200000000.0,1682000000.0,44842000000.0,4925000000.0,12878000000.0,9804400.0,1586000000.0,0.0,51026000000.0,215000000.0,0.0,3214000000.0,0.0,951000000.0,252000000.0,0.0,0.0,3796000000.0,43627000000.0,0.0,0.0,186000000.0,0.0,7901000000.000001,5057000000.0,2401000000.0,31611000000.0,44438000000.0,-98625400.00000001,44339000000.0,95867000000.0,51528000000.0,0.0,3321000000.0,0.0,0.0,0.0,12024000000.0,0.0,2296000000.0,7272900.0,23197000000.0,0.0,0.0,5157000000.0,0.0,0.0,16529000.0,0.0,30035000000.0,0.0,5163000000.0,0.0,0.0,323000000.0,0.0,0.0,3689000000.0,3652000000.0,4803000000.0,0.0,496000000.0,95867000000.0,20101000000.0,131000000.0,2351000000.0,22583000000.0,14906000000.0,1733000000.0,1047000000.0,1639000000.0,19325000000.0,3259000000.0,0.0,0.0,20000.0,348000.0,368000.0,1242000000.0,0.0,1242000000.0,-1241000000.0,0.0,35000000.0,63195200.00000001,16708100.0,9358500.0,555000000.0,-492000000.0,1543000000.0,9648000000.0,11191000000.0,0.0,0.0,0.0,28195200.0,0.0,529000000.0,16990900.0,1543000000.0,11191000000.0,0.0,0.0,0.0,0.0,0.0,0.0,0.0,0.0,0.0,0.0,0.0,0.0,0.0,0.0,0.0,0.0,0.0,0.0,0.0,0.0
2019Q2,29875780096.84,29875780096.84,1080270474.78,1443216541.3,843160552.62,1720159658.88,-96832709.15,28216059.24,128484820.1,-108336709.94,-108336709.94,40337151.27,9392459.28,-152676538.06,-9529733.66,-2133685345.51,-2127493732.27,-2244061428.35,-2244061428.35,-2240039761.11,-4021667.24,-0.47,0.0,116567696.08,-2911767596.44,-4021667.24,0.0,12645067.2,18836680.44,32409385145.35,22567848.13,620733074.11,22567848.13,10535000000.0,1571000000.0,2012000000.0,17659000000.0,1037000000.0,3429000000.0,5705000000.0,2387000000.0,42403000000.0,5157000000.0,13952000000.0,9804400.0,1564000000.0,0.0,50246000000.0,210000000.0,14277000000.0,2957000000.0,0.0,719000000.0,291000000.0,5079000000.0,0.0,3497000000.0,40885000000.0,0.0,0.0,128000000.0,0.0,7888000000.0,5057000000.0,2401000000.0,31381000000.0,43972000000.0,-96058400.0,43876000000.0,92649000000.0,48773000000.0,15647000000.0,3509000000.0,4581300.0,0.0,0.0,12106000000.0,0.0,505000000.0,7216200.0,23097000000.0,23097000000.0,0.0,5178000000.0,5178000000.0,0.0,16237800.0,0.0,28046000000.0,13769000000.0,5165000000.0,0.0,86527400.0,306000000.0,0.0,306000000.0,3592000000.0,3811000000.0,4803000000.0,0.0,258000000.0,92649000000.0,37502000000.0,305000000.0,3465000000.0,41272000000.0,29029000000.0,2985000000.0,1743000000.0,3295000000.0,37052000000.0,4220000000.0,0.0,0.0,5214100.0,1478700.0,6692800.0,2438000000.0,936999999.9999999,3691000000.0,-3685000000.0,0.0,41000000.0,78159900.0,27708100.0,23367700.0,144000000.0,-65487900.0,499000000.0,9648000000.0,10148000000.0,0.0,316000000.0,0.0,37159900.0,0.0,92572000.0,29186900.0,499000000.0,10148000000.0,-2244000000.0,153000000.0,1413000000.0,484999999.9999999,1190000.0,-9392500.0,0.0,-40337200.0,28216100.0,108000000.0,91826400.0,-6753900.0,-788000000.0,3615000000.0,1407000000.0,-3081200.0,4220000000.0,10148000000.0,9648000000.0,499000000.0
2019Q3,45115421967.81,45115421967.81,1579840592.98,2816275914.66,1559033968.43,2226773353.31,-132286117.81,0.0,0.0,-522405370.82,-578045151.61,127407169.45,14557748.8,-152676538.06,-13891371.32,-2515704322.36,-2524713608.8,-2666634067.81,-2666634067.81,-2661510402.32,-5123665.49,-0.55,0.0,141920459.01,-3533261383.35,-5123665.49,0.0,32981921.67,23972635.23,47846343996.87,35867520.2,762226068.65,35867520.2,10511000000.0,1658000000.0,2063000000.0,19749000000.0,933000000.0,0.0,5796000000.0,2221000000.0,44486000000.0,5371000000.0,12240000000.0,9804400.0,1565000000.0,0.0,48461000000.0,230000000.0,14671000000.0,3367000000.0,0.0,774000000.0,330000000.0,0.0,0.0,3773000000.0,41281000000.0,0.0,0.0,139000000.0,0.0,8195000000.0,5057000000.0,2401000000.0,30959000000.0,43568000000.0,-97160400.00000001,43471000000.0,92947000000.0,49476000000.0,17686000000.0,3619000000.0,0.0,0.0,0.0,12168000000.0,0.0,505000000.0,7159500.0,23000000000.0,0.0,0.0,5163000000.0,0.0,0.0,16857200.0,0.0,28113000000.0,13442000000.0,4694000000.0,0.0,0.0,290000000.0,0.0,0.0,3579000000.0,4138000000.0,4803000000.0,0.0,271000000.0,92947000000.0,52196000000.0,371000000.0,4052000000.0,56617999999.99999,41039000000.0,4257000000.0,2276000000.0,5288000000.0,52860000000.0,3758000000.0,0.0,1383000000.0,9247000.0,2198000.0,1394000000.0,3314000000.0,936999999.9999999,4567000000.0,-3173000000.0,0.0,85580000.0,91746000.0,52708100.00000001,119000000.0,505999999.9999999,-413999999.9999999,202000000.0,9648000000.0,9850000000.0,0.0,316000000.0,0.0,6166000.0,0.0,334000000.0,30891600.0,202000000.0,9850000000.0,0.0,0.0,0.0,0.0,0.0,0.0,0.0,0.0,0.0,0.0,0.0,0.0,0.0,0.0,0.0,0.0,0.0,0.0,0.0,0.0
2020年报,84565544146.58,84565544146.58,3228273573.84,3405913730.59,4171768588.16,2888873626.82,-210389449.63,46672055.34,341543220.81,3153614176.97,-566732463.22,2035390665.86,80607908.05,-1517807107.17,-107743059.89,2624104531.79,2596585045.04,3288478642.7,3288478642.7,3324251164.16,-35772521.46,0.4842,0.0,-691893597.66,-3249984527.77,-35772521.46,0.0,89458043.64,61938556.89,85585502198.61,-61573859.41,0.0,-61573859.41,32002000000.0,204000000.0,2141000000.0,30513000000.0,461000000.0000001,724000000.0,5968000000.0,1569000000.0,72890000000.0,4432000000.0,12109000000.0,48883200.0,2131000000.0,0.0,45376000000.0,578000000.0,23119000000.0,0.0,4471000000.0,2016000000.0,1292000000.0,4475000000.0,100000000.0,5843000000.0,62592999999.99999,955000000.0000001,0.0,115000000.0,0.0,2192000000.0,10931000000.0,2682000000.0,34315000000.0,53410000000.0,70114200.0,53479999999.99999,118265000000.0,64785000000.0,28372000000.0,724000000.0,0.0,0.0,0.0,32206000000.0,0.0,692000000.0,6876100.0,24301000000.0,24301000000.0,0.0,1048000000.0,1048000000.0,0.0,10642500.0,0.0,40693000000.0,17574000000.0,4475000000.0,0.0,0.0,261000000.0,0.0,261000000.0,0.0,818000000.0,5363000000.0,0.0,78420700.0,118265000000.0,87032000000.0,444000000.0000001,2038000000.0,89514000000.0,63469000000.00001,6049000000.0,4804000000.0,4517000000.0,78838000000.0,10676000000.0,5040000000.0,1101000000.0,600000000.0,80310700.0,6820999999.999999,2960000000.0,152000000.0,3217000000.0,3605000000.0,6343000000.0,2224000000.0,8601000000.0,875000000.0,45485700.0,1554000000.0,7047000000.0,21295000000.0,9360000000.0,30656000000.0,0.0,104000000.0,4620000.0,34712800.0,0.0,633000000.0,-32553400.0,21295000000.0,30656000000.0,3288000000.0,1626000000.0,2957000000.0,1079000000.0,5754000.0,-80607900.0,-15036900.0,-2035000000.0,30283200.0,-3154000000.0,-589000000.0,-176000000.0,-3384000000.0,-3376000000.0,13720000000.0,-7900900.0,10676000000.0,30656000000.0,9360000000.0,21295000000.0
2020Q1,11564077463.34,11564077463.34,443622963.22,649835784.68,398803812.2,696517648.9,-27860921.06,0.0,0.0,1452112755.17,-667413071.43,341035600.71,1354464.3,0.0,-2142668.54,690866171.07,691186001.23,623570006.34,623570006.34,631077888.63,-7507882.29,0.13,0.13,67615994.89,-1793324817.62,-7507882.29,0.0,6491243.42,6811073.58,12665571443.91,-9000909.71,0.0,-9000909.71,13647000000.0,2761000000.0,1831000000.0,20386000000.0,977999999.9999999,0.0,4276000000.0,1502000000.0,46184000000.0,5023000000.0,12919000000.0,9804400.0,1515000000.0,0.0,49099000000.0,360000000.0,14006000000.0,0.0,2377000000.0,719000000.0,366000000.0,0.0,0.0,3987000000.0,42748000000.0,55300000.0,0.0,347000000.0,0.0,7954000000.000001,5366000000.0,2401000000.0,31902000000.0,44683000000.0,-102000000.0,44581000000.0,95283000000.0,50703000000.0,18555000000.0,305000000.0,0.0,0.0,0.0,16407000000.0,0.0,735000000.0,7046200.0,26300000000.0,0.0,0.0,1981000000.0,0.0,0.0,12981300.0,0.0,30705000000.0,16699000000.0,4235000000.0,0.0,0.0,850000000.0,0.0,0.0,3379000000.0,3273000000.0,4803000000.0,0.0,131000000.0,95283000000.0,21257000000.0,45969900.0,386000000.0,21690000000.0,13418000000.0,1566000000.0,1079000000.0,1472000000.0,17534000000.0,4155000000.0,0.0,3628600.0,170100.0,0.0,3798700.0,567000000.0,13088900.0,2104000000.0,-2100000000.0,1420000000.0,150000000.0,1835000000.0,20000000.0,9459200.0,528000000.0,1307000000.0,3346000000.0,9360000000.0,12707000000.0,0.0,1524000000.0,0.0,265000000.0,0.0,499000000.0,-15306700.0,3346000000.0,12707000000.0,0.0,0.0,0.0,0.0,0.0,0.0,0.0,0.0,0.0,0.0,0.0,0.0,0.0,0.0,0.0,0.0,0.0,0.0,0.0,0.0
2020Q2,32781657479.1,32781657479.1,1206286383.45,1270716006.91,1145860984.31,1423575470.37,-98218545.38,20373153.36,131048028.86,3000803663.99,-528282156.89,1753674697.0,33428646.97,-212828953.71,-18713783.01,2811726891.52,2791554105.83,2601622809.19,2601622809.19,2602166402.68,-543593.49,0.54,0.0,189931296.64,-2616888301.47,-543593.49,0.0,51351646.13,31178860.44,34526294858.82,6766939.37,0.0,6766939.37,17326000000.0,4173000000.0,2300000000.0,23929000000.0,636000000.0,1042000000.0,4040000000.0,1100000000.0,54303000000.0,5048000000.0,12808000000.0,42586600.0,1641000000.0,0.0,48499000000.0,366000000.0,18206000000.0,0.0,2163000000.0,900000000.0,449000000.0,3073000000.0,0.0,4570000000.0,46748000000.0,1555000000.0,0.0,558000000.0,0.0,9480000000.0,5366000000.0,2401000000.0,33873000000.0,46669000000.0,-94785400.00000001,46574000000.0,102802000000.0,56228000000.0,21629000000.0,1042000000.0,0.0,0.0,0.0,21500000000.0,0.0,735000000.0,6989500.0,25896000000.0,25896000000.0,0.0,1793000000.0,1793000000.0,0.0,11768600.0,0.0,35227000000.0,17021000000.0,3074000000.0,1167800.0,0.0,702000000.0,0.0,702000000.0,3170000000.0,3451000000.0,4803000000.0,0.0,147000000.0,102802000000.0,39547000000.0,213000000.0,1461000000.0,41221000000.0,26823000000.0,2603000000.0,1774000000.0,3108000000.0,34308000000.0,6913000000.0,0.0,52200300.0,50925800.0,2401800.0,106000000.0,1241000000.0,13495000.0,1358000000.0,-1253000000.0,0.0,1662000000.0,1992000000.0,26000000.0,14711800.0,183000000.0,1809000000.0,7461000000.0,9360000000.0,16821000000.0,0.0,104000000.0,0.0,330000000.0,0.0,142000000.0,-8613600.0,7461000000.0,16821000000.0,2602000000.0,213000000.0,1342000000.0,515000000.0000001,2725100.0,-33428600.0,0.0,-1754000000.0,20373200.0,-3001000000.0,-97937300.0,261000000.0,-665000000.0,4983000000.0,2757000000.0,-250000000.0,6913000000.0,16821000000.0,9360000000.0,7461000000.0
2020Q3,55841582333.54,55841582333.54,2076509817.05,2043609746.44,2319826236.86,2164998962.67,-158440975.97,0.0,0.0,3524898587.68,-219022032.89,1816243496.56,33659642.99,-210213218.08,-16940224.37,3177522460.14,3166044411.77,3484305434.6,3484305434.6,3485972972.43,-1667537.83,0.73,0.0,-318261022.83,-2097839766.98,-1667537.83,0.0,51142105.59,39664057.22,57811708158.18,28434615.0,0.0,28434615.0,21524000000.0,417000000.0,2169000000.0,32582000000.0,704000000.0,0.0,4855000000.0,1000000000.0,63130999999.99999,5005000000.0,12286000000.0,42586600.0,1733000000.0,0.0,48324000000.0,380000000.0,21767000000.0,0.0,5289000000.0,1448000000.0,747000000.0,0.0,0.0,5098000000.0,54824000000.0,1555000000.0,0.0,136000000.0,0.0,9153000000.0,5366000000.0,2401000000.0,34757000000.0,47574000000.0,-95909300.0,47478000000.0,111455000000.0,63977000000.0,30414000000.0,253000000.0,0.0,0.0,0.0,21941000000.0,0.0,732000000.0,6932800.0,25869000000.0,0.0,0.0,1983000000.0,0.0,0.0,11178400.0,0.0,39014000000.0,17247000000.0,2848000000.0,0.0,0.0,734000000.0,0.0,0.0,3333000000.0,3351000000.0,4803000000.0,0.0,168000000.0,111455000000.0,59929999999.99999,361000000.0,2076000000.0,62366999999.99999,43415000000.0,3909000000.0,2917000000.0,5107000000.0,55347000000.0,7019000000.0,1763000000.0,4124000000.0,48841600.0,18790700.0,5955000000.0,2826000000.0,151000000.0,3081000000.0,2874000000.0,0.0,2012000000.0,2255000000.0,361000000.0,31842000.0,762000000.0,1493000000.0,11344000000.0,9360000000.0,20705000000.0,0.0,104000000.0,0.0,244000000.0,0.0,369000000.0,-41476400.0,11344000000.0,20705000000.0,0.0,0.0,0.0,0.0,0.0,0.0,0.0,0.0,0.0,0.0,0.0,0.0,0.0,0.0,0.0,0.0,0.0,0.0,0.0,0.0
2021年报,105141877237.05,105141877237.05,3972433040.45,4645654234.59,3499654508.49,3515029178.76,-780923197.18,45160385.56,868952893.13,1013650091.28,924827870.13,42078804.0,745601530.26,-1019254832.79,-23050864.57,3730523462.21,3820608835.73,3604218189.98,3604218189.98,3552463320.03,51754869.95,0.3616,0.3579,216390645.75,1652771338.77,51774101.1,19231.15,40084896.6,130170270.12,102500553299.25,-8959020.1,330174796.23,-8978251.25,51976000000.0,196000000.0,1675000000.0,25943000000.0,3241000000.0,632000000.0,6853000000.0,1148000000.0,91140000000.0,4386000000.0,13245000000.0,48883200.0,2281000000.0,0.0,44264000000.0,19000000.0,23651000000.0,0.0,9841000000.0,2567000000.0,1121000000.0,4563000000.0,534000000.0,5681000000.0,76107000000.0,600000000.0,0.0,217000000.0,786000000.0,3432000000.0,9776000000.0,2982000000.0,35901000000.0,55733000000.00001,133000000.0,55866000000.0,135405000000.0,79538000000.0,24268000000.0,632000000.0,0.0,0.0,0.0,52172000000.0,0.0,701000000.0,6649400.000000001,21326000000.0,21326000000.0,0.0,1460000000.0,1460000000.0,0.0,15032800.0,0.0,47943000000.0,24292000000.0,4563000000.0,0.0,0.0,825000000.0,643000000.0,183000000.0,0.0,925000000.0,7631999999.999999,656000000.0,69442500.0,135405000000.0,128549000000.0,1031000000.0,3268000000.0,132848000000.0,90215000000.0,7600000000.0,6962000000.0,5099000000.0,109876000000.0,22972000000.0,79892300.0,985000000.0,85134000.0,300000000.0,1450000000.0,2010000000.0,930000000.0000001,2940000000.0,-1489000000.0,942000000.0,48000000.0,1827000000.0,708000000.0,1705000000.0,4422000000.0,-2596000000.0,18862000000.0,30656000000.0,49518000000.0,0.0,0.0,4812900.0,836000000.0,0.0,2010000000.0,-24589600.0,18862000000.0,49518000000.0,3604000000.0,1042000000.0,2952000000.0,1075000000.0,4560500.0,-746000000.0,964200.0,-42078800.0,45450800.0,-1014000000.0,-150000000.0,101000000.0,-1065000000.0,2050000000.0,14395000000.0,-16482800.0,22972000000.0,49518000000.0,30656000000.0,18862000000.0
2021Q1,32027320806.54,32027320806.54,1139344789.09,1010369424.61,1244629210.77,710391890.16,-105473984.82,0.0,0.0,284235894.75,280338657.91,-31345241.34,9257168.41,0.0,-1681788.85,780140617.85,789857929.45,855023727.67,855023727.67,853585805.31,1437922.36,0.16,0.16,-65165798.22,720085110.43,1437922.36,0.0,669740.4,10387052.0,31507646221.66,23508179.7,0.0,23508179.7,39255000000.0,173000000.0,2195000000.0,35384000000.0,217000000.0,0.0,4139000000.0,1606000000.0,82801000000.0,4531000000.0,12390000000.0,48883200.0,2196000000.0,0.0,45188000000.0,558000000.0,26991000000.0,0.0,4614000000.0,1738000000.0,498000000.0000001,0.0,100000000.0,6818000000.000001,67437000000.0,955000000.0000001,0.0,111000000.0,0.0,5634000000.0,11389000000.0,2682000000.0,35169000000.0,54846000000.0,71552200.0,54917999999.99999,127989000000.0,73071000000.0,33189000000.0,617000000.0,0.0,0.0,0.0,39428000000.0,0.0,692000000.0,6819500.0,23974000000.0,0.0,0.0,902999999.9999999,0.0,0.0,11734900.0,0.0,48635000000.0,21644000000.0,4477000000.0,0.0,0.0,242000000.0,0.0,0.0,3439000000.0,787000000.0,5440000000.0,0.0,102000000.0,127989000000.0,30112000000.0,179000000.0,1595000000.0,31887000000.0,17418000000.0,1927000000.0,2904000000.0,2402000000.0,24651000000.0,7236000000.0,0.0,3588800.0,45138700.0,0.0,48727400.0,505999999.9999999,0.0,505999999.9999999,-457000000.0,507000000.0,20000000.0,702000000.0,40000000.0,10836800.0,51078100.00000001,651000000.0,7428000000.0,30656000000.0,38084000000.0,0.0,0.0,0.0,175000000.0,0.0,241300.0,-1533500.0,7428000000.0,38084000000.0,0.0,0.0,0.0,0.0,0.0,0.0,0.0,0.0,0.0,0.0,0.0,0.0,0.0,0.0,0.0,0.0,0.0,0.0,0.0,0.0
2021Q2,56784631899.07,56784631899.07,2087694667.07,2146115312.19,2217147044.5,1495583362.16,-233776490.65,26372186.29,281294223.92,327872465.08,250708951.37,15734698.73,601066861.33,-195687107.11,-3486242.35,1837474491.39,1864354735.04,1804981288.95,1804981288.95,1729245208.6,75736080.35,0.17,0.17,59373446.09,739756972.08,75736080.35,0.0,14103602.29,40983845.94,55799441124.48,21820284.63,106783041.12,21820284.63,47721000000.0,195000000.0,1628000000.0,30406000000.0,387000000.0,736000000.0,4089000000.0,1059000000.0,86928000000.0,4141000000.0,11572000000.0,48883200.0,2258000000.0,0.0,43529000000.0,552000000.0,24517000000.0,0.0,4667000000.0,2132000000.0,608000000.0,3642000000.0,329000000.0,6688000000.0,70323000000.0,654000000.0,0.0,112000000.0,0.0,5843000000.0,11469000000.0,2682000000.0,34378000000.0,54146000000.0,146000000.0,54291999999.99999,130458000000.0,76166000000.0,28778000000.0,1591000000.0,0.0,0.0,0.0,47917000000.0,0.0,692000000.0,6762800.0,23290000000.0,23290000000.0,14200.0,755000000.0,755000000.0,0.0,12303900.0,0.0,51703000000.0,27186000000.0,3643000000.0,1020600.0,0.0,208000000.0,0.0,208000000.0,3542000000.0,1261000000.0,5440000000.0,0.0,100000000.0,130458000000.0,63916999999.99999,480000000.0,1798000000.0,66195000000.00001,37507000000.0,3273000000.0,4360000000.0,3356000000.0,48496000000.0,17699000000.0,0.0,10806900.0,47111700.0,300000000.0,358000000.0,1023000000.0,1000000.0,1024000000.0,-666000000.0,507000000.0,20000000.0,840000000.0,146000000.0,1691000000.0,2256000000.0,-1416000000.0,15613000000.0,30656000000.0,46269000000.0,0.0,0.0,0.0,312000000.0,0.0,419000000.0000001,-3619300.0,15613000000.0,46269000000.0,1805000000.0,199000000.0,1528000000.0,545000000.0,2670900.0,-601000000.0,0.0,-15734700.0,26372200.0,-328000000.0,-126000000.0,-2865900.0,1878000000.0,-206000000.0,12442000000.0,6922700.0,17699000000.0,46269000000.0,30656000000.0,15613000000.0
2021Q3,79199506065.57,79199506065.57,2903864771.45,3140799760.51,2939631882.68,2084901346.65,-456174917.42,0.0,0.0,686312691.2,597490177.49,28095318.64,606137499.27,-277555281.87,-5446105.01,3157019358.27,3189458468.07,3067090981.09,3067090981.09,2992245630.7,74845350.39,0.3,0.3,122367486.98,1739793549.08,74845350.39,0.0,40787283.24,73226393.04,77217230853.66,13726820.04,137200024.13,13726820.04,52024000000.0,190000000.0,2574000000.0,26644000000.0,544000000.0,0.0,5510000000.0,963000000.0000001,87820000000.0,4226000000.0,12646000000.0,48883200.0,2225000000.0,0.0,44080000000.0,242000000.0,23136000000.0,0.0,7758000000.0,2710000000.0,683000000.0,0.0,326000000.0,5417000000.0,70501000000.0,654000000.0,0.0,113000000.0,0.0,5773000000.0,9374000000.0,2682000000.0,35641000000.0,55480999999.99999,145000000.0,55626000000.0,131900000000.0,76274000000.0,24070000000.0,520000000.0,0.0,0.0,0.0,52215000000.0,0.0,692000000.0,6706100.0,22689000000.0,0.0,0.0,716000000.0,0.0,0.0,12762700.0,0.0,49454000000.0,26318000000.0,3911000000.0,0.0,0.0,187000000.0,0.0,0.0,3639000000.0,1109000000.0,7615000000.000001,0.0,92147500.0,131900000000.0,96949000000.0,734000000.0,2288000000.0,99971000000.0,60622000000.0,4759000000.0,5745000000.0,6169000000.0,77295000000.0,22675000000.0,0.0,847000000.0000001,53002900.0,300000000.0,1200000000.0,1415000000.0,852999999.9999999,2268000000.0,-1068000000.0,557000000.0,38000000.0,996000000.0000001,474000000.0,1700000000.0,2924000000.0,-1928000000.0,19674000000.0,30656000000.0,50330000000.0,0.0,4900.0,0.0,400000000.0,0.0,749000000.0,-4893200.0,19674000000.0,50330000000.0,0.0,0.0,0.0,0.0,0.0,0.0,0.0,0.0,0.0,0.0,0.0,0.0,0.0,0.0,0.0,0.0,0.0,0.0,0.0,0.0
2022年报,121252864085.4,121252864085.4,4101847822.5,5138270162.95,3532458198.76,4315444864.76,-1017305743.08,48683490.36,1014346758.69,-768957070.79,-3060648491.82,3570229.29,74862481.0,-945853716.2,-32242010.27,7633737707.09,7708257084.09,7745026102.6,7745026102.6,7798785367.38,-53759264.78,0.8,0.78,-36769018.51,4458919314.8,-53761181.47,-1916.69,54391039.79,128910416.79,112480326179.65,34462889.2,529819888.31,34464805.89,53529999999.99999,280000000.0,3068000000.0,38918000000.0,750000000.0,1261000000.0,5823000000.0,1055000000.0,102076000000.0,4446000000.0,14407000000.0,9804400.0,3029000000.0,0.0,43973000000.0,29000000.0,29450000000.0,0.0,5655000000.0,2807000000.0,1750000000.0,6083000000.0,886000000.0,6627000000.0,75359000000.0,36000000.0,1000000000.0,237000000.0,882000000.0,7740000000.000001,8533000000.0,3528000000.0,41380000000.0,62859000000.0,90708300.0,62949000000.0,146049000000.0,83100000000.0,35850000000.0,1261000000.0,0.0,0.0,0.0,53810000000.0,0.0,490000000.0000001,6422700.0,19347000000.0,19347000000.0,0.0,1388000000.0,1388000000.0,0.0,26375400.0,0.0,51522000000.0,22073000000.0,6083000000.0,0.0,0.0,554000000.0,0.0,0.0,4589000000.0,348000000.0,9922000000.0,627000000.0,98841600.0,146049000000.0,122619000000.0,2134000000.0,2442000000.0,127195000000.0,97370000000.0,9188000000.0,8605000000.0,6366000000.0,121529000000.0,5666000000.0,131000000.0,1751000000.0,610000000.0,0.0,2492000000.0,1405000000.0,3226000000.0,5446000000.0,-2954000000.0,0.0,1087000000.0,2792000000.0,391000000.0,1804000000.0,2568000000.0,224000000.0,2974000000.0,49518000000.0,52491000000.0,0.0,815000000.0,0.0,1706000000.0,0.0,373000000.0,36713000.0,2974000000.0,52491000000.0,7745000000.0,946000000.0000001,2867000000.0,1046000000.0,3842000.0,-74862500.0,0.0,-3570200.0,8976400.0,769000000.0,-748000000.0,21313700.0,745000000.0,-10856000000.0,3165000000.0,0.0,5666000000.0,52491000000.0,49518000000.0,2974000000.0
2022Q1,34575856873.59,34575856873.59,1238107710.4,1209720794.68,811195229.9,961533811.72,-209679379.23,0.0,0.0,2238171451.76,109865512.9,-31483788.0,2656113.06,50000.0,-3143502.44,4519517863.51,4528607389.6,4532670783.11,4532670783.11,4536355136.07,-3684352.96,0.46,0.45,-4063393.51,2269972838.78,-3684352.96,0.0,936118.11,10025644.2,32291638767.3,1508435.24,29049482.84,1508435.24,50511000000.0,149000000.0,5117000000.0,30743000000.0,3848000000.0,0.0,5946000000.0,911999999.9999999,93509000000.0,4328000000.0,17440000000.0,9804400.0,2320000000.0,0.0,47696000000.0,29000000.0,27852000000.0,0.0,5194000000.0,2504000000.0,822000000.0000001,0.0,588000000.0,5761000000.0,72748000000.0,640000000.0,0.0,212000000.0,844999999.9999999,7270999999.999999,10538000000.0,2982000000.0,40437000000.0,61042999999.99999,142000000.0,61185000000.0,141204000000.0,80020000000.0,25626000000.0,484000000.0,0.0,0.0,0.0,50661000000.0,0.0,701000000.0,6592700.0,20820000000.0,0.0,0.0,1405000000.0,0.0,0.0,13998800.0,0.0,53321000000.0,25468000000.0,4530000000.0,0.0,0.0,756000000.0,0.0,0.0,4144000000.0,601000000.0,7631999999.999999,656000000.0,70950900.0,141204000000.0,29989000000.0,387000000.0,1121000000.0,31497000000.0,23361000000.0,2154000000.0,2558000000.0,2656000000.0,30728000000.0,769000000.0,14839200.0,382000000.0,8857700.0,0.0,405000000.0,359000000.0,1459000000.0,2633000000.0,-2228000000.0,0.0,50000000.0,215000000.0,0.0,7608300.0,526000000.0,-311000000.0,-1791000000.0,49518000000.0,47726000000.0,0.0,815000000.0,0.0,165000000.0,0.0,518000000.0,-22516900.0,-1791000000.0,47726000000.0,0.0,0.0,0.0,0.0,0.0,0.0,0.0,0.0,0.0,0.0,0.0,0.0,0.0,0.0,0.0,0.0,0.0,0.0,0.0,0.0
2022Q2,56573568393.71,56573568393.71,1946300231.77,2285329821.77,2184034305.1,1932294144.67,-437998348.99,17892411.14,438428075.9,2354040073.27,78821605.75,26136888.77,68244082.28,-241827585.46,-10774686.62,5686246819.08,5735743241.36,5839023367.1,5839023367.1,5857626135.78,-18602768.68,0.6,0.59,-103280125.74,3100113819.34,-18602768.68,0.0,4870215.23,54366637.51,53270050636.52,121654.81,186910289.65,121654.81,53422000000.0,306000000.0,3597000000.0,24776000000.0,3864000000.0,254000000.0,7025000000.0,783000000.0,91722000000.0,4366000000.0,17305000000.0,9804400.0,2435000000.0,0.0,47091000000.0,46166500.0,23995000000.0,0.0,4956000000.0,3327000000.0,707000000.0,5116000000.0,888000000.0000001,5462000000.0,71419000000.0,40000000.0,0.0,220000000.0,844000000.0,6579000000.000001,8342000000.0,2982000000.0,39979000000.0,60689000000.0,126000000.0,60814000000.0,138812000000.0,77998000000.0,21179000000.0,509999999.9999999,0.0,0.0,0.0,53728000000.0,0.0,701000000.0,6536100.0,20514000000.0,20514000000.0,0.0,1130000000.0,1130000000.0,0.0,21707100.0,0.0,50916000000.0,26921000000.0,5116000000.0,0.0,0.0,631000000.0,468000000.0,163000000.0,4280000000.0,499000000.0,9922000000.0,656000000.0,69564100.0,138812000000.0,61814000000.0,896000000.0000001,1401000000.0,64112000000.0,46918000000.0,3774000000.0,4029000000.0,3539000000.0,58259000000.0,5852000000.0,14839200.0,382000000.0,281000000.0,0.0,677000000.0,784000000.0,1462000000.0,3060000000.0,-2383000000.0,0.0,68070000.0,783000000.0,301000000.0,1797000000.0,2797000000.0,-2014000000.0,1514000000.0,49518000000.0,51032000000.0,0.0,815000000.0,0.0,715000000.0,0.0,699000000.0,59278500.0,1514000000.0,51032000000.0,5839000000.0,253000000.0,1452000000.0,528000000.0,1826800.0,-68244100.0,0.0,-26136900.0,17892400.0,-2354000000.0,-154000000.0,2262500.0,-244000000.0,1274000000.0,-722000000.0,715400.0000000001,5852000000.0,51032000000.0,49518000000.0,1514000000.0
2022Q3,85351624483.14,85351624483.14,2921835999.3,3986179395.59,3126618384.08,3442059899.85,-666036064.01,0.0,0.0,2023778982.01,-251439485.52,-28873703.25,76479502.16,-394597955.28,-17201979.14,6619185491.54,6670689457.86,6865085940.99,6865085940.99,6899918252.01,-34832311.02,0.7,0.69,-194396483.13,3839478632.03,-34832311.02,0.0,22821186.7,74325153.02,80818867078.18,-2238376.71,426843240.08,-2238376.71,51579999999.99999,251000000.0,3767000000.0,32894000000.0,2822000000.0,0.0,7214000000.0,856000000.0,97195000000.0,4221000000.0,17049000000.0,9804400.0,2575000000.0,0.0,46500000000.0,44449900.0,25429000000.0,0.0,7693000000.000001,4187000000.0,1205000000.0,0.0,890000000.0,5876000000.0,75100000000.0,40000000.0,0.0,211000000.0,852999999.9999999,6663000000.0,8436000000.0,2982000000.0,41022000000.0,61822000000.0,109000000.0,61930999999.99999,143695000000.0,81763000000.0,29127000000.0,503000000.0,0.0,0.0,0.0,51830999999.99999,0.0,701000000.0,6479400.000000001,19991000000.0,0.0,0.0,1118000000.0,0.0,0.0,23922000.0,0.0,49274000000.0,23844000000.0,5932000000.0,0.0,0.0,571000000.0,0.0,0.0,4465000000.0,468000000.0,9922000000.0,656000000.0,67204100.0,143695000000.0,89163000000.0,1606000000.0,2839000000.0,93609000000.0,71447000000.0,5535000000.0,5785000000.0,7058000000.0,89826000000.0,3783000000.0,121000000.0,1591000000.0,757000000.0,0.0,2468000000.0,1108000000.0,2695000000.0,4618000000.0,-2150000000.0,0.0,77070000.0,1565000000.0,312000000.0,1803000000.0,2421000000.0,-856000000.0,852999999.9999999,49518000000.0,50370000000.0,0.0,815000000.0,0.0,1488000000.0,0.0,306000000.0,75127300.0,852999999.9999999,50370000000.0,0.0,0.0,0.0,0.0,0.0,0.0,0.0,0.0,0.0,0.0,0.0,0.0,0.0,0.0,0.0,0.0,0.0,0.0,0.0,0.0
2023年报,151297706646.97,151297706646.97,4758426281.7,5977551549.91,4097537529.67,5979844653.23,-897343739.8,65658308.92,1172272116.2,3050413045.1,-2201515632.81,-19061189.53,440995737.23,-813828346.53,-46742115.91,10447476610.97,10589196757.49,9501899040.97,9501899040.97,11327463013.15,-1825563972.18,1.15,1.13,1087297716.52,3781846729.11,-1825563972.18,0.0,28073391.83,169793538.35,145106326671.4,19477168.62,1644319505.04,19477168.62,64871000000.0,168000000.0,2412000000.0,40070000000.0,288000000.0,894000000.0,13466000000.0,9735000000.0,130935000000.0,15046000000.0,13787000000.0,1811000000.0,3248000000.0,450000000.0,59236000000.0,30039400.0,38290000000.0,686800.0000000001,7923999999.999999,2751000000.0,1929000000.0,5881000000.0,80077000.0,8898000000.0,103239000000.0,72000000.0,1000000000.0,1566000000.0,1498000000.0,12248000000.0,8251000000.000001,4276000000.0,49618000000.0,71853000000.0,2830000000.0,74683000000.0,190171000000.0,115488000000.0,37658000000.0,894000000.0,0.0,0.0,0.0,65039000000.0,0.0,504000000.0,6196000.0,19994000000.0,19994000000.0,0.0,1914000000.0,1914000000.0,0.0,24162200.0,0.0,75747000000.0,37457000000.0,5881000000.0,0.0,0.0,952000000.0,803999999.9999999,148000000.0,6277000000.0,719000000.0,9917000000.0,382000000.0,118000000.0,190171000000.0,168499000000.0,2226000000.0,3358000000.0,174083000000.0,122454000000.0,11126000000.0,11571000000.0,9071000000.0,154222000000.0,19861000000.0,131000000.0,345000000.0,296000000.0,6217000000.0,6989000000.0,2824000000.0,2373000000.0,13197000000.0,-6208000000.0,35190000.0,120000000.0,1019000000.0,683000000.0,2381000000.0,3147000000.0,-2128000000.0,11435000000.0,52491000000.0,63926000000.0,0.0,8000000000.0,35190000.0,863000000.0000001,150000.0,83072600.0,-90488900.0,11435000000.0,63926000000.0,9502000000.0,814000000.0,3063000000.0,2232000000.0,3570700.0,-441000000.0,4900.0,19061200.0,156000000.0,-3050000000.0,-219000000.0,-144000000.0,-7706000000.0,-1687000000.0,17273000000.0,0.0,19861000000.0,63926000000.0,52491000000.0,11435000000.0
2023Q1,34556094707.75,34556094707.75,1110860986.2,1606086127.47,1037327002.89,1362199044.65,-212206458.34,0.0,0.0,4958506022.69,-62976110.84,26358643.14,5527401.22,3696825.92,2092200.76,6848919268.49,6907397360.42,6691788088.52,6691788088.52,6970203078.41,-278414989.89,0.71,0.7,215609271.9,1481090757.2,-278414989.89,0.0,304077.72,58782169.65,33047406877.77,-10744000.88,344050344.78,-10744000.88,62951000000.0,297000000.0,1842000000.0,38012000000.0,780000000.0,0.0,9426000000.0,982000000.0,116603000000.0,14927000000.0,13902000000.0,1813000000.0,3241000000.0,0.0,57505999999.99999,50000000.0,33491000000.0,0.0,5371000000.0,3334000000.0,1981000000.0,0.0,34754300.0,8326000000.000001,90307000000.0,76000000.0,1000000000.0,1677000000.0,927000000.0,9984000000.0,7963000000.0,3528000000.0,48350000000.0,69414000000.0,4403000000.0,73817000000.0,174109000000.0,100291000000.0,36171000000.0,1357000000.0,0.0,313300.0,0.0,63248000000.0,0.0,490000000.0000001,6366000.0,19267000000.0,0.0,0.0,1866000000.0,0.0,0.0,25716500.0,0.0,64391999999.99999,30901000000.0,6820000000.0,0.0,0.0,103000000.0,0.0,0.0,5693000000.0,340000000.0,9922000000.0,479000000.0,88097600.0,174109000000.0,34250000000.0,685000000.0,2344000000.0,37279000000.0,25585000000.0,2301000000.0,2657000000.0,3353000000.0,33896000000.0,3383000000.0,0.0,0.0,9980300.0,6276000000.0,6286000000.0,333000000.0,102000000.0,434999999.9999999,5851000000.0,35190000.0,71000000.0,148000000.0,610000000.0,4842300.0,1284000000.0,-1137000000.0,8080000000.0,52491000000.0,60571000000.0,0.0,0.0,0.0,41343000.0,0.0,670000000.0,-17450700.0,8080000000.0,60571000000.0,0.0,0.0,0.0,0.0,0.0,0.0,0.0,0.0,0.0,0.0,0.0,0.0,0.0,0.0,0.0,0.0,0.0,0.0,0.0,0.0
2023Q2,65492098869.01,65492098869.01,2186174248.99,2280397591.19,2271960408.55,2964604104.48,-453268104.89,36814471.44,532594819.89,5023108819.32,-180436966.53,-23334661.15,366667730.28,-397274160.99,-15513488.1,7063837210.47,7143633825.26,6967013000.07,6967013000.07,7652979346.8,-685966346.73,0.78,0.76,176620825.19,1509058024.0,-685966346.73,0.0,13498961.02,93295575.81,64039904547.08,47734187.34,657988649.18,47734187.34,65986000000.0,262000000.0,2477000000.0,36441000000.0,662000000.0,779000000.0,10253000000.0,1126000000.0,117918000000.0,15068000000.0,13789000000.0,1809000000.0,3211000000.0,0.0,57075000000.0,50000000.0,30466000000.0,0.0,7116000000.0,4003000000.0,1547000000.0,6105000000.0,69596900.0,7391000000.0,92855000000.0,76000000.0,1000000000.0,1642000000.0,1187000000.0,10208000000.0,8055000000.0,3528000000.0,46691000000.0,67951000000.0,3979000000.0,71930000000.0,174993000000.0,103062000000.0,33964000000.0,960000000.0,0.0,327100.0,0.0,66248000000.0,0.0,490000000.0000001,6309400.000000001,18869000000.0,18869000000.0,0.0,2226000000.0,2226000000.0,0.0,25237500.0,37813500.0,64178000000.0,33712000000.0,8463000000.0,16112100.0,2342000000.0,136000000.0,0.0,136000000.0,5664000000.0,351000000.0,9919000000.0,443000000.0,147000000.0,174993000000.0,73932000000.0,1199000000.0,1753000000.0,76884000000.0,55651000000.0,4415000000.0,5443000000.0,4420000000.0,69929000000.0,6955000000.0,0.0,1406800.0,35915300.0,6217000000.0,6254000000.0,858000000.0,137000000.0,994999999.9999999,5260000000.0,35190000.0,90000000.0,488000000.0,629000000.0,6163500.0,1054000000.0,-566000000.0,11662000000.0,52491000000.0,64154000000.0,0.0,0.0,0.0,362000000.0,0.0,419000000.0000001,13258600.0,11662000000.0,64154000000.0,6967000000.0,397000000.0,1525000000.0,639000000.0,1468500.0,-367000000.0,0.0,23334700.0,36814500.0,-5023000000.0,-183000000.0,1405000000.0,-4430000000.0,1025000000.0,4919000000.0,3787200.0,6955000000.0,64154000000.0,52491000000.0,11662000000.0
2023Q3,108206319432.68,108206319432.68,3401942136.26,3977630992.36,3652204219.18,4543103796.92,-556371676.06,0.0,0.0,5427000006.24,198068460.39,-34094727.59,383382781.93,-394731309.32,-28789401.36,8984926880.51,9067641035.14,8742406543.8,8742406543.8,9882404579.77,-1139998035.97,1.01,0.99,325234491.34,3612466941.03,-1139998035.97,0.0,26494769.62,109208924.25,105278024511.97,32997445.58,703864609.9,32997445.58,72192000000.0,157000000.0,2669000000.0,38047000000.0,988000000.0000001,0.0,9694000000.0,1458000000.0,127444000000.0,14838000000.0,14197000000.0,1809000000.0,3350000000.0,0.0,58934000000.0,35000000.0,36505000000.0,0.0,8302000000.0,4689000000.0,1883000000.0,0.0,64688100.00000001,7584999999.999999,100936000000.0,76000000.0,1000000000.0,1588000000.0,1234000000.0,11643000000.0,8168000000.000001,3528000000.0,48920000000.0,70289000000.0,3510000000.0,73799000000.0,186378000000.0,112579000000.0,35378000000.0,2759000000.0,0.0,326800.0,0.0,72349000000.0,0.0,490000000.0000001,6252700.0,19992000000.0,0.0,0.0,2029000000.0,0.0,0.0,24841700.0,36705600.0,72230000000.0,35725000000.0,6111000000.0,0.0,0.0,926000000.0,0.0,0.0,6272000000.0,350000000.0,9919000000.0,443000000.0,132000000.0,186378000000.0,119263000000.0,1759000000.0,2254000000.0,123276000000.0,84391000000.0,6839000000.0,8329000000.000001,6239000000.0,105798000000.0,17479000000.0,112000000.0,76292600.0,92233200.0,6217000000.0,6498000000.0,1679000000.0,1484000000.0,3163000000.0,3334000000.0,35190000.0,90000000.0,667000000.0,644000000.0,2351000000.0,3341000000.0,-2674000000.0,18141000000.0,52491000000.0,70633000000.0,0.0,0.0,0.0,542000000.0,0.0,346000000.0,1653200.0,18141000000.0,70633000000.0,0.0,0.0,0.0,0.0,0.0,0.0,0.0,0.0,0.0,0.0,0.0,0.0,0.0,0.0,0.0,0.0,0.0,0.0,0.0,0.0
2024年报,159733034213.25,159733034213.25,4350471426.4,7538352413.16,4401226018.26,6505446679.24,-934377313.05,118238961.52,1160421476.17,187658837.46,36975796.3,-27460945.49,2550458320.83,-214488935.2,-613004.02,6624149896.59,6757527907.25,6104174527.85,6104174527.85,7321363897.24,-1217189369.39,0.74,0.74,653353379.4,2587271652.9,-1216052535.29,1136834.1,21912265.18,155290275.84,157730142295.46,-109658591.17,2125703705.22,-110795425.27,64182000000.00001,155000000.0,3398000000.0,48979000000.0,507000000.0,2387000000.0,17081000000.0,2175000000.0,136369000000.0,16772000000.0,18526000000.0,1811000000.0,3564000000.0,3706000000.0,71800000000.0,40036100.0,43836000000.0,477400.0,10888000000.0,3210000000.0,1529000000.0,6408000000.0,129000000.0,12508000000.0,113357000000.0,36000000.0,1000000000.0,1835000000.0,2218000000.0,15730000000.0,8926000000.0,4957000000.0,52846000000.0,76576000000.0,2504000000.0,79081000000.0,208168000000.0,129088000000.0,45581000000.0,2387000000.0,0.0,0.0,309000000.0,64337000000.0,0.0,497000000.0,5969299.999999999,21774000000.0,21774000000.0,0.0,1596000000.0,1596000000.0,0.0,16732400.0,0.0,78646000000.0,34811000000.0,6408000000.0,0.0,0.0,2457000000.0,2028000000.0,428000000.0,7705000000.0,184000000.0,9914000000.0,169000000.0,7523400.0,208168000000.0,175824000000.0,4676000000.0,3543000000.0,184043000000.0,144123000000.0,12158000000.0,12538000000.0,10375000000.0,179194000000.0,4849000000.0,10810300.0,134000000.0,1575000000.0,8070000000.0,9790000000.0,4868000000.0,5931000000.0,14103000000.0,-4313000000.0,1611000000.0,1060000000.0,3141000000.0,554000000.0,3450000000.0,4533000000.0,-1391000000.0,-652000000.0,63926000000.0,63274000000.0,0.0,3304000000.0,1611000000.0,470000000.0,0.0,528000000.0,204000000.0,-652000000.0,63274000000.0,6104000000.0,214000000.0,3124000000.0,2683000000.0,7810100.0,-2550000000.0,217100.0,27460900.0,-85476400.0,-188000000.0,-316000000.0,270000000.0,-3218000000.0,-9086000000.0,7863000000.0,0.0,4849000000.0,63274000000.0,63926000000.0,-652000000.0
2024Q1,37023223131.54,37023223131.54,1044973139.85,1448904759.69,1285851159.03,1543611744.71,-243309946.37,0.0,0.0,177172521.23,148686736.38,-33213547.69,9347.42,944357.0,2295273.6,798163456.47,812977749.25,855480142.31,855480142.31,1158060683.94,-302580541.63,0.12,0.12,-42502393.06,111699858.33,-302580541.63,0.0,1602405.44,16416698.22,37369149059.07,-48311642.01,996881432.44,-48311642.01,70068000000.0,144000000.0,3277000000.0,36982000000.0,482000000.0,0.0,12612000000.0,9219000000.0,131005000000.0,14805000000.0,14007000000.0,1811000000.0,3457000000.0,450000000.0,59544000000.00001,44053700.0,33587000000.0,75600.0,5826000000.0,2824000000.0,1616000000.0,0.0,125000000.0,10565000000.0,101907000000.0,36000000.0,1000000000.0,1528000000.0,1693000000.0,12880000000.0,8353000000.0,4276000000.0,50776000000.0,73222000000.0,2541000000.0,75762000000.0,190549000000.0,114787000000.0,33705000000.0,352000000.0,0.0,0.0,0.0,70212000000.0,0.0,504000000.0,6139299.999999999,19558000000.0,0.0,0.0,2321000000.0,0.0,0.0,22927000.0,9917700.0,75978000000.0,42391000000.0,4919000000.0,0.0,0.0,949000000.0,0.0,0.0,6826000000.000001,709000000.0,9917000000.0,250000000.0,70007100.0,190549000000.0,44755000000.0,1167000000.0,1301000000.0,47223000000.0,33831000000.0,3131000000.0,2894000000.0,2119000000.0,41976000000.0,5247000000.0,0.0,0.0,84796200.00000001,500000000.0,585000000.0,588000000.0,0.0,588000000.0,-3136600.0,22460000.0,14000000.0,267000000.0,0.0,2484600.0,229000000.0,38748600.0,5308000000.0,63926000000.0,69234000000.0,0.0,0.0,0.0,231000000.0,0.0,226000000.0,24603600.0,5308000000.0,69234000000.0,0.0,0.0,0.0,0.0,0.0,0.0,0.0,0.0,0.0,0.0,0.0,0.0,0.0,0.0,0.0,0.0,0.0,0.0,0.0,0.0
2024Q2,76722649723.79,76722649723.79,2053229071.41,3077988414.27,2426863860.79,2912092313.4,-549385364.01,39521477.44,520495393.22,350711425.33,252582688.73,-35024179.42,4959452.69,-146269535.6,759129.4,2285201216.53,2312391168.47,2246762267.69,2246762267.69,2831743111.82,-584980844.13,0.29,0.28,65628900.78,1168680056.87,-584980844.13,0.0,19101827.75,46291779.69,76055095450.98,82398384.33,1442510651.32,82398384.33,70939000000.0,153000000.0,2989000000.0,36985000000.0,583000000.0,433000000.0,13793000000.0,2235000000.0,125964000000.0,14317000000.0,14109000000.0,1811000000.0,3410000000.0,1855000000.0,61357000000.00001,54056300.0,34275000000.0,0.0,5997000000.0,3571000000.0,866000000.0,5308000000.0,124000000.0,9159000000.0,100176000000.0,36000000.0,1000000000.0,1586000000.0,1720000000.0,13132000000.0,8443000000.000001,4276000000.0,49037000000.0,71740000000.0,2273000000.0,74014000000.0,187322000000.0,113308000000.0,33996000000.0,455000000.0,0.0,0.0,0.0,71092000000.0,0.0,504000000.0,6082600.0,19515000000.0,19515000000.0,0.0,2295000000.0,2295000000.0,0.0,21185900.0,12941500.0,75086000000.0,40812000000.0,5308000000.0,0.0,0.0,958000000.0,816000000.0,142000000.0,7004000000.000001,677000000.0,9917000000.0,229000000.0,201000000.0,187322000000.0,87402000000.0,2283000000.0,2198000000.0,91883000000.0,72076000000.0,5228000000.0,6484000000.0,4660000000.0,88448000000.0,3435000000.0,0.0,1431900.0,270000000.0,8070000000.0,8342000000.0,1199000000.0,68253800.0,2667000000.0,5675000000.0,30957200.0,34000000.0,299000000.0,10000000.0,3416000000.0,3607000000.0,-3308000000.0,5624000000.0,63926000000.0,69550000000.0,0.0,1400000000.0,0.0,234000000.0,0.0,181000000.0,-179000000.0,5624000000.0,69550000000.0,2247000000.0,146000000.0,1513000000.0,1229000000.0,2976300.0,-4959500.0,0.0,35024200.0,39521500.0,-351000000.0,-162000000.0,19483600.0,-238000000.0,3850000000.0,-4890000000.0,276600.0,3435000000.0,69550000000.0,63926000000.0,5624000000.0
2024Q3,110959596291.71,110959596291.71,2925297257.0,4707208168.75,3529356603.75,4456346426.0,-741376824.3,0.0,0.0,82760868.79,-53161853.86,-12811498.61,19467296.4,-144986561.6,995146.78,2809791983.9,2888533476.53,2710878531.43,2710878531.43,3579846932.75,-868968401.32,0.36,0.36,177654945.1,1680731655.93,-868968401.32,0.0,21154591.12,99896083.75,109876124615.37,131072974.14,1780895055.8,131072974.14,70005000000.0,167000000.0,4226000000.0,33443000000.0,455999999.9999999,0.0,12474000000.0,1837000000.0,119530000000.0,14648000000.0,13876000000.0,1811000000.0,3473000000.0,3456000000.0,64105999999.99999,40028000.0,30441000000.0,0.0,7372000000.0,3821000000.0,902000000.0,0.0,204000000.0,9543000000.0,94654000000.0,36000000.0,1000000000.0,1477000000.0,1703000000.0,14348000000.0,8534000000.0,4276000000.0,49785000000.0,72643000000.0,1992000000.0,74634000000.0,183636000000.0,109002000000.0,29217000000.0,365000000.0,0.0,0.0,0.0,70172000000.0,0.0,504000000.0,6026000.0,19052000000.0,0.0,0.0,2751000000.0,0.0,0.0,19305000.0,584300.0,67585000000.0,37144000000.0,5187000000.0,0.0,0.0,974000000.0,0.0,0.0,7392000000.0,659000000.0,9917000000.0,229000000.0,249000000.0,183636000000.0,131629000000.0,3798000000.0,2505000000.0,137932000000.0,109780000000.0,7648000000.0,8823000000.0,7287000000.0,133538000000.0,4393000000.0,0.0,37326300.0,532000000.0,8070000000.0,8639000000.0,2018000000.0,71530800.0,5089000000.0,3550000000.0,30957200.0,44000000.0,310000000.0,34000000.0,3418000000.0,3715000000.0,-3405000000.0,5122000000.0,63926000000.0,69048000000.0,0.0,3000000000.0,0.0,235000000.0,0.0,264000000.0,583000000.0,5122000000.0,69048000000.0,0.0,0.0,0.0,0.0,0.0,0.0,0.0,0.0,0.0,0.0,0.0,0.0,0.0,0.0,0.0,0.0,0.0,0.0,0.0,0.0
2025年报,163999803875.87,163999803875.87,3571333274.23,9992992499.04,4523042375.67,7157598927.24,-2402254178.2,106577955.08,1100271951.6,-296603500.26,-429539756.41,36797595.56,173691537.39,-200857705.57,-5170252.16,3708770816.14,3857438001.41,3167491835.15,3167491835.15,4075223181.54,-907731346.39,0.41,0.41,689946166.26,2795025255.28,-925478396.69,-17747050.3,59837696.73,208504882.0,161356805540.09,-160066892.29,1357914805.4,-142319841.99,54022000000.0,0.0,4197000000.0,37195000000.0,492000000.0,0.0,22518000000.0,11798000000.0,128553000000.0,17225000000.0,20427000000.0,1811000000.0,3495000000.0,2591000000.0,74408000000.0,512000000.0,29841000000.0,408300.0,6909000000.0,4238000000.0,852999999.9999999,0.0,699000000.0,13157000000.0,106059000000.0,0.0,1000000000.0,1570000000.0,1253000000.0,14917000000.0,8981000000.0,4957000000.0,53503000000.0,77336000000.0,4649000000.0,81985000000.0,202961000000.0,120976000000.0,32998000000.0,882000000.0,0.0,0.0,1491000000.0,54022000000.0,0.0,692000000.0,5742600.0,22049000000.0,0.0,0.0,1029000000.0,0.0,0.0,16720900.0,0.0,73821000000.0,43980000000.0,5871000000.0,0.0,0.0,2544000000.0,0.0,0.0,8145000000.0,80699400.0,9914000000.0,3395800.0,-135000000.0,202961000000.0,171559000000.0,3258000000.0,3068000000.0,177885000000.0,142607000000.0,11389000000.0,9414000000.0,12640000000.0,176049000000.0,1836000000.0,230000000.0,274000000.0,792000000.0,200000000.0,1496000000.0,4679000000.0,1611000000.0,13720000000.0,-12224000000.0,3062000000.0,568000000.0,3666000000.0,132000000.0,3478000000.0,3861000000.0,-194000000.0,-10281000000.0,63274000000.0,52992999999.99999,0.0,7430000000.0,3062000000.0,36004700.0,0.0,250000000.0,301000000.0,-10281000000.0,52992999999.99999,3167000000.0,201000000.0,2930000000.0,3361000000.0,11579300.0,-174000000.0,0.0,-36797600.0,107000000.0,297000000.0,52188300.0,-246000000.0,-5518000000.0,-1022000000.0,-1300000000.0,0.0,1836000000.0,52992999999.99999,63274000000.0,-10281000000.0
2025Q1,34160587096.72,34160587096.72,839474520.58,1682498947.35,1025953600.33,1501037169.56,-1073820820.68,0.0,0.0,78562519.35,43575389.36,-5210526.2,7407525.74,1498731.0,-4453180.24,1242829654.87,1258212896.77,1215417748.8,1215417748.8,1352699415.8,-137281667.0,0.14,0.14,42795147.97,783358022.64,-137281667.0,0.0,4409176.73,19792418.63,33399507503.5,79607632.58,403944992.0,79607632.58,60129000000.0,150000000.0,5021000000.0,42850000000.0,436000000.0000001,0.0,19307000000.0,2664000000.0,128069000000.0,16311000000.0,18554000000.0,1811000000.0,3822000000.0,3700000000.0,71839000000.0,30026000.0,32705000000.0,165900.0,7363000000.0,2547000000.0,698000000.0,0.0,134000000.0,14124000000.0,103689000000.0,0.0,1000000000.0,1769000000.0,2170000000.0,15633000000.0,8939000000.0,4957000000.0,54199000000.0,78154000000.0,2432000000.0,80585000000.0,199907000000.0,119322000000.0,37829000000.0,1865000000.0,0.0,0.0,309000000.0,60279000000.0,0.0,608000000.0,5912600.0,21458000000.0,0.0,0.0,1501000000.0,0.0,0.0,14236800.0,0.0,73344000000.0,40639000000.0,5449000000.0,0.0,0.0,2457000000.0,0.0,0.0,7854000000.000001,117000000.0,9914000000.0,56325800.0,87131000.0,199907000000.0,41402000000.0,852000000.0,919999999.9999999,43174000000.0,36493000000.0,3560000000.0,2958000000.0,3663000000.0,46675000000.0,-3501000000.0,340000.0,32928400.0,579000000.0,3200.0,612000000.0,961000000.0,255000000.0,1215000000.0,-603000000.0,62000000.0,0.0,163000000.0,46000000.0,3941900.0,70114100.0,92919599.99999999,-3969000000.0,63274000000.0,59304999999.99999,0.0,0.0,0.0,101000000.0,0.0,20172200.0,41450200.00000001,-3969000000.0,59304999999.99999,0.0,0.0,0.0,0.0,0.0,0.0,0.0,0.0,0.0,0.0,0.0,0.0,0.0,0.0,0.0,0.0,0.0,0.0,0.0,0.0
2025Q2,72691310387.08,72691310387.08,1668033001.81,4361492467.23,2228013321.96,3283657283.48,-1956937280.34,38065837.11,657365732.49,115023949.01,55363593.69,6513157.75,17005465.7,-49093178.82,-3271416.06,2105720930.74,2168970778.03,1792653891.27,1792653891.27,2291211254.67,-498557363.4,0.23,0.23,376316886.76,1476706514.95,-498557363.4,0.0,26831412.99,90081260.28,71677904077.55,-76680556.34,1006136643.63,-76680556.34,52829999999.99999,162000000.0,6628000000.0,32185000000.0,400000000.0,767000000.0,16979000000.0,1863000000.0,105790000000.0,16310000000.0,20943000000.0,1811000000.0,3649000000.0,3700000000.0,74437000000.0,51473000.0,25225000000.0,165700.0,7034999999.999999,3300000000.0,860000000.0,5241000000.0,152000000.0,12524000000.0,86648000000.0,0.0,1000000000.0,1708000000.0,1917000000.0,15463000000.0,8956000000.0,4957000000.0,52215000000.0,76042000000.0,2073000000.0,78115000000.0,180226000000.0,102111000000.0,25557000000.0,982000000.0,0.0,0.0,255000000.0,52991000000.0,0.0,699000000.0,5855900.0,21114000000.0,21114000000.0,0.0,1821000000.0,1821000000.0,0.0,12219500.0,0.0,54561000000.0,29336000000.0,8164000000.0,0.0,2923000000.0,2467000000.0,2041000000.0,426000000.0,8081999999.999999,57902299.99999999,9914000000.0,56325800.0,-69157200.0,180226000000.0,83638000000.0,1941000000.0,1844000000.0,87423000000.0,78919000000.0,6107000000.0,4503000000.0,6501000000.000001,96030000000.0,-8607000000.0,340000.0,42307600.0,597000000.0,50976000.0,691000000.0,2112000000.0,1605000000.0,3717000000.0,-3026000000.0,62000000.0,41439700.0,384000000.0,66000000.0,7840800.0,127000000.0,257000000.0,-11088000000.0,63274000000.0,52186000000.0,0.0,0.0,0.0,281000000.0,0.0,53170200.00000001,288000000.0,-11088000000.0,52186000000.0,1793000000.0,49093200.0,1490000000.0,1585000000.0,5152800.0,-17005500.0,0.0,-6513200.000000001,38065800.0,-115000000.0,-84242400.0,-127000000.0,131000000.0,18764000000.0,-32126000000.0,9990900.0,-8607000000.0,52186000000.0,63274000000.0,-11088000000.0
2025Q3,114927486616.98,114927486616.98,2592458528.05,7354921633.67,3300546915.58,5038822372.09,-2065646220.75,0.0,0.0,223910735.08,140257077.3,36490395.56,16094441.6,-48873660.82,-1931149.16,2398807906.92,2499965023.72,2144649294.34,2144649294.34,3055216176.97,-910566882.63,0.31,0.31,355315729.38,2018300852.87,-910566882.63,0.0,30526845.75,131683962.55,113918252638.89,235500944.0,1163883166.57,235500944.0,55241000000.0,102400.0,7216000000.0,27734000000.0,794000000.0,0.0,18417000000.0,6848999999.999999,111418000000.0,16200000000.0,21030000000.0,1811000000.0,3822000000.0,2700000000.0,74213000000.0,33580500.0,27054000000.0,2974200.0,8837000000.0,3623000000.0,834000000.0,0.0,168000000.0,12394000000.0,91221000000.0,0.0,1000000000.0,1633000000.0,1844000000.0,15610000000.0,8959000000.0,4957000000.0,52979000000.0,77136000000.0,1663000000.0,78800000000.0,185630000000.0,106831000000.0,20518000000.0,969000000.0,0.0,0.0,1255000000.0,55241000000.0,0.0,699000000.0,5799299.999999999,20789000000.0,0.0,0.0,2185000000.0,0.0,0.0,10567300.0,0.0,59980999999.99999,32928000000.0,5349000000.0,0.0,0.0,2492000000.0,0.0,0.0,8383000000.0,63829000.0,9914000000.0,56325800.0,243000000.0,185630000000.0,133791000000.0,2509000000.0,2309000000.0,138609000000.0,109945000000.0,8679000000.0,6613000000.0,11817000000.0,137054000000.0,1555000000.0,189000000.0,45856300.0,726000000.0,50976000.0,1012000000.0,2762000000.0,1608000000.0,8871000000.0,-7859000000.0,62000000.0,48919600.0,211000000.0,91357300.0,2939000000.0,3106000000.0,-2895000000.0,-8863000000.0,63274000000.0,54412000000.0,0.0,4500000000.0,0.0,99677900.00000001,0.0,75262900.0,336000000.0,-8863000000.0,54412000000.0,0.0,0.0,0.0,0.0,0.0,0.0,0.0,0.0,0.0,0.0,0.0,0.0,0.0,0.0,0.0,0.0,0.0,0.0,0.0,0.0
